VOC_Index,VOC_Name,Selection_Frequency,Soft_Mean,Soft_Std,Soft_SEM
147,233_Unknown,0.96666664,0.66768944,0.14864291,0.027138358731127337
347,"614_Butanedioic acid, dimethyl ester",0.9,0.63328767,0.13193023,0.02408705470319986
81,"126_2,4-Pentadienenitrile",0.8666667,0.6420147,0.13748972,0.025102073904946242
468,875_4-n-Propylbenzoic acid,0.8333333,0.6802131,0.17659554,0.0322417867284813
87,"133_Formic acid, 2-methylbutyl ester",0.8333333,0.6313395,0.16416755,0.029972757363543167
293,510_Unknown,0.8333333,0.62953895,0.14579965,0.026619252711826885
24,36_1-Penten-3-one,0.8,0.6249764,0.12454988,0.02273959305074681
91,"137_2-Butenal, 2-methyl-",0.8,0.624292,0.15184565,0.02772309571773316
300,523_Benzonitrile,0.8,0.61424524,0.14424132,0.026334741217097092
82,127_Unknown,0.8,0.60224044,0.15724546,0.028708961319510867
179,291_Tetrafluoromethane,0.8,0.59688216,0.18828169,0.03437537536732381
369,651_Unknown,0.8,0.58580905,0.14704016,0.026845737225058737
350,619_1-(1'-pyrrolidinyl)-2-butanone,0.8,0.56041443,0.12645538,0.02308748832413191
18,27_Unknown,0.8,0.5485595,0.120660536,0.02202949912101325
271,"474_2-Heptenal, (Z)-",0.76666665,0.66924655,0.19919436,0.036367747515537896
393,701_(+)-4-Carene,0.76666665,0.6344802,0.20394024,0.037234223738720464
268,465_3-Ethyl-4-methylpentan-1-ol,0.76666665,0.6260048,0.16675524,0.030445202931829916
745,1505_Unknown,0.76666665,0.6158218,0.13229463,0.024153583457738312
485,911_Unknown,0.76666665,0.6152241,0.16094849,0.02938503863509657
433,"787_Acetamide, 2-(3-cyano-4-methoxymethyl-6-methylpyridin-2-ylsulfanyl)-N-(3-trifluoromethylphenyl)-",0.76666665,0.607379,0.16636394,0.03037376083261589
270,"471_Hexanal, 2-ethyl-",0.76666665,0.60709894,0.17876932,0.032638663096849235
368,"650_1,2,4,5-Tetrazine, 1,4-dibutylhexahydro-",0.76666665,0.60145265,0.16952352,0.030950619056109612
459,"848_Benzenemethanol, .alpha.-methyl-, acetate",0.76666665,0.5949081,0.14756404,0.02694138421219002
53,"83_Ethanamine, N-ethyl-",0.76666665,0.5832077,0.13523799,0.02469096624865033
30,"45_Pentane, 2,2,4-trimethyl-",0.76666665,0.582205,0.13645852,0.02491380248103504
261,"449_Cyclohexane, 1,3-dimethyl-",0.76666665,0.58122545,0.15314452,0.02796023669336491
472,880_Unknown,0.76666665,0.5806462,0.14850916,0.027113938918387613
464,"863_1-Buten-3-one, 1-(2-carboxy-4,4-dimethylcyclobutenyl)-",0.76666665,0.57939976,0.12947908,0.023639537693751576
408,729_Unknown,0.76666665,0.5756448,0.14716198,0.026867977863332716
7,"11_Ethane, 1,2-dichloro-",0.76666665,0.5473785,0.14053337,0.025657766114278308
544,1062_Unknown,0.76666665,0.54686576,0.11359138,0.020738853797577173
28,42_Triethylamine,0.73333335,0.62480694,0.17605075,0.03214232278532575
375,"666_4,7-Methano-1H-indene, octahydro-",0.73333335,0.6229039,0.13378888,0.024426396512764362
210,351_Unknown,0.73333335,0.61788195,0.14974955,0.02734040166708048
84,"130_3-Oxa-bicyclo[3.2.0]hept-6-ene-2,4-dione",0.73333335,0.5978884,0.17274497,0.031538773075335876
465,865_Unknown,0.73333335,0.59483606,0.13102446,0.023921685015434263
22,"34_Butanal, 2-methyl-",0.73333335,0.59033424,0.16821751,0.03071217492870621
167,269_Unknown,0.73333335,0.58962244,0.15942423,0.029106749077948746
2,3_Unknown,0.73333335,0.58903795,0.16101782,0.029397697435082974
622,"1217_Silane, trichlorooctadecyl-",0.73333335,0.58686006,0.15916313,0.029059079296439676
344,610_Unknown,0.73333335,0.5817868,0.13776577,0.025152472415530393
497,"949_Heptadecane, 2,6,10,15-tetramethyl-",0.73333335,0.5784895,0.14460705,0.02640151482269911
133,213_Unknown,0.73333335,0.5774562,0.14697397,0.026833652464788034
224,376_Unknown,0.73333335,0.5726282,0.12118922,0.022126023491122315
181,300_Unknown,0.73333335,0.5711643,0.12449073,0.02272879375855983
140,"226_4-Hexen-3-one, 4-methyl-",0.73333335,0.56868273,0.17248802,0.0314918596115565
204,341_Unknown,0.73333335,0.56777275,0.1283503,0.023433451994682206
480,900_Benzothiazole,0.73333335,0.5662063,0.12098192,0.022088174957829644
414,744_Unknown,0.73333335,0.5626511,0.16169584,0.02952148597112019
303,"527_Dodecane, 2,2,11,11-tetramethyl-",0.73333335,0.55698276,0.14400165,0.026290983611470344
575,"1130_2-Butanone, 1-(1,3-benzodioxol-5-yl)-",0.73333335,0.556662,0.120547526,0.022008866338056692
453,834_Unknown,0.73333335,0.556282,0.16389994,0.02992389869409211
260,446_Unknown,0.73333335,0.55627286,0.1388357,0.025347814594043932
27,40_tert-Butylpentamethyldisiloxane,0.73333335,0.54930437,0.11581099,0.02114409727090066
120,183_Unknown,0.73333335,0.5481657,0.1514379,0.02764865011213938
161,"259_Heptane, 3,4,5-trimethyl-",0.73333335,0.5466282,0.14666288,0.02677685517974267
6,9_Unknown,0.7,0.61977655,0.16863635,0.030788644636425475
86,132_Pyridine,0.7,0.6083023,0.16697675,0.03048564416582902
192,328_Unknown,0.7,0.60567164,0.14350091,0.026199561665469273
454,835_1-Nonanol,0.7,0.59402716,0.14818062,0.02705395584894851
93,139_Unknown,0.7,0.59361416,0.17096753,0.03121425835795403
295,512_Unknown,0.7,0.59296036,0.15428782,0.028168972225055548
227,"383_3,3-Dichloropropyne",0.7,0.59120256,0.18916385,0.03453643567637063
695,1361_Tetradecanal,0.7,0.5909523,0.16032301,0.02927084281961642
617,"1206_5,9-Undecadien-2-one, 6,10-dimethyl-, (E)-",0.7,0.5902195,0.16150963,0.02948748976122764
582,1140_Unknown,0.7,0.5897035,0.14852001,0.02711591949143513
25,37_Unknown,0.7,0.5893556,0.1850216,0.033780166916899446
141,"227_Pipecolic acid, N-propoxycarbonyl-, dodecyl ester",0.7,0.5851398,0.14899093,0.0272018975821229
353,"623_3-Benzofurancarboxaldehyde, 2,3-dihydro-3-methyl-",0.7,0.58424866,0.17739584,0.03238790024038106
380,"677_Decane, 3-methyl-",0.7,0.5826115,0.13465044,0.024583694277134374
212,"358_Ethanone, 1-(1-cyclohexen-1-yl)-",0.7,0.5792315,0.16593924,0.03029622194191905
5,7_Unknown,0.7,0.57680625,0.14716038,0.02686768676262381
323,567_Decane,0.7,0.5758288,0.13980143,0.02552413184491833
548,1068_Unknown,0.7,0.57401806,0.16309585,0.029777091437512247
687,1342_Unknown,0.7,0.5734117,0.12925275,0.02359821499592363
251,416_Unknown,0.7,0.5725742,0.16145329,0.029477203295990462
558,"1090_Phenol, 2-(1,1-dimethylethyl)-6-methyl-",0.7,0.5718904,0.13994142,0.025549691575387327
389,695_Unknown,0.7,0.5705034,0.17033097,0.031098038440348395
751,"1556_Kaur-16-ene, (8.beta.,13.beta.)-",0.7,0.5669211,0.14796218,0.027014075051828238
253,427_Unknown,0.7,0.56669307,0.1672564,0.03053670105371743
222,374_Unknown,0.7,0.56609726,0.15720217,0.028701058071292408
331,"586_Benzene, 1,2,4-trimethyl-",0.7,0.5649141,0.13494635,0.024637719304026688
132,211_Unknown,0.7,0.5641754,0.13225693,0.024146700422284714
722,1442_Unknown,0.7,0.56353146,0.16687745,0.03046751430485559
134,214_Cyclopentanone,0.7,0.56327903,0.15229851,0.027805776480764897
54,84_Unknown,0.7,0.56175846,0.14658728,0.026763053741459625
473,887_Unknown,0.7,0.55707926,0.19584109,0.03575552735733039
446,819_Unknown,0.7,0.55402285,0.14001328,0.025562810151259757
302,525_1-Octen-3-ol,0.7,0.55306417,0.12711707,0.02320829511832836
354,"624_Cyclopropanecarboxylic acid,4-methylpentyl ester",0.7,0.5528611,0.1780835,0.03251344898350859
385,687_Unknown,0.7,0.5487085,0.15067244,0.02750889728675761
637,1248_Dodecanenitrile,0.7,0.5466703,0.1276723,0.02330966617921236
176,286_Unknown,0.7,0.5404618,0.14259116,0.026033465586215096
598,"1177_2-Isopropenyl-4a,8-dimethyl-1,2,3,4,4a,5,6,8a-octahydronaphthalene",0.7,0.5394153,0.10953287,0.019997874626742046
578,1134_Unknown,0.7,0.53850454,0.13027671,0.023785164224091573
150,236_Hexanal,0.7,0.53831965,0.14825843,0.027068162651770127
162,"262_1,5-Dimethyl-6-oxa-bicyclo[3.1.0]hexane",0.7,0.52585614,0.11845475,0.021626778973928187
144,"230_3-Penten-2-one, 4-methyl-",0.6666667,0.595219,0.19329832,0.035291284299673126
193,"329_Succinic acid, but-3-yn-2-yl tetrahydrofurfuryl ester",0.6666667,0.5927849,0.17132607,0.03127971792951491
50,79_Unknown,0.6666667,0.5874833,0.20467797,0.03736891358822115
752,1557_Unknown,0.6666667,0.5832975,0.16035624,0.029276909684858132
135,"216_Propane, 1,3-dimethoxy-",0.6666667,0.58150595,0.16227923,0.029627998904339092
420,"755_Undecane, 3,8-dimethyl-",0.6666667,0.5798585,0.16032079,0.02927043745507785
709,1395_Unknown,0.6666667,0.5795347,0.13412291,0.024487380750996716
386,"688_Terephthalic acid, 2-methoxyethyl propyl ester",0.6666667,0.5788837,0.13956395,0.02548077416269541
631,1237_Unknown,0.6666667,0.5732961,0.14251703,0.026019930763534604
159,252_Unknown,0.6666667,0.5732399,0.1345352,0.024562653409071874
236,394_Unknown,0.6666667,0.572408,0.18164769,0.03316417877288039
39,"61_2-Butanol, 3,3-dimethyl-4-dimethylamino-2-phenyl-",0.6666667,0.5713222,0.14904809,0.02721233367856559
666,1300_Unknown,0.6666667,0.5701657,0.1551846,0.028332701410695247
588,"1150_1H-3a,7-Methanoazulene, octahydro-1,4,9,9-tetramethyl-, (1.alpha.,3a.alpha.,4.beta.,7.alpha.,8a.beta.)-",0.6666667,0.5687422,0.15884149,0.029000355849694258
467,874_Unknown,0.6666667,0.5675625,0.19211595,0.03507541271976321
137,218_Unknown,0.6666667,0.5667523,0.16151233,0.029487982183922144
456,845_3-Decanone,0.6666667,0.56559694,0.17722023,0.03235583835389068
618,1208_Unknown,0.6666667,0.5654898,0.18272346,0.03336058741380413
62,"94_Cyclopentanemethanol, 3-methylene-",0.6666667,0.5609064,0.14730325,0.026893771562595783
194,331_Unknown,0.6666667,0.5605219,0.14822692,0.02706240865177631
741,1499_Heneicosane,0.6666667,0.55917346,0.14192551,0.025911935121097438
431,"784_1,1,3,3,5,5,7,7-Octamethyl-7-(2-methylpropoxy)tetrasiloxan-1-ol",0.6666667,0.55779076,0.16912948,0.03087867637249896
650,1266_Unknown,0.6666667,0.5570566,0.17021653,0.03107714448292403
417,"752_Hexanoic acid, 2-ethyl-",0.6666667,0.55698097,0.19491988,0.03558733916176641
773,1698_Unknown,0.6666667,0.55576193,0.12363314,0.022572219665111023
729,1455_Unknown,0.6666667,0.55369693,0.13178305,0.024060183659257096
105,"160_Butanoic acid, 2-amino-4-(methylsulfinyl)-, (.+/-.)-",0.6666667,0.54974926,0.1357615,0.02478654522159729
645,1261_Unknown,0.6666667,0.5485019,0.11454202,0.020912416473986447
413,"743_Benzene, 1,3-dichloro-2-methyl-",0.6666667,0.5470871,0.13238749,0.024170538033606623
569,"1112_Acetic acid, trifluoro-, undecyl ester",0.6666667,0.5456149,0.13173547,0.024051496887635224
78,123_Unknown,0.6666667,0.5450468,0.16996706,0.031031596743965877
739,1492_Unknown,0.6666667,0.5447614,0.16068587,0.02933709135571546
766,"1660_l-(+)-Ascorbic acid 2,6-dihexadecanoate",0.6666667,0.5439971,0.1337053,0.02441113685036941
346,613_Unknown,0.6666667,0.5432083,0.17656325,0.03223589125898409
29,44_Unknown,0.6666667,0.5424729,0.14723487,0.026881286878921253
424,772_Unknown,0.6666667,0.54229325,0.11858812,0.021651129412199897
599,1178_Nopyl acetate,0.6666667,0.5421315,0.13180377,0.024063965247905515
183,302_Unknown,0.6666667,0.5411012,0.14624198,0.02670001003372594
488,917_Unknown,0.6666667,0.5409126,0.14502974,0.0264786864368006
317,549_Unknown,0.6666667,0.54083824,0.12392964,0.022626353514698255
513,"990_3,4-Dimethylcumene",0.6666667,0.53956777,0.110969335,0.020260135961212053
736,"1481_Benzene, 1-(1,1-dimethylethyl)-4-phenoxy-",0.6666667,0.5379627,0.11787129,0.021520255158439795
67,"107_Formic acid, 5-methylhex-2-yl ester",0.6666667,0.536649,0.14330222,0.026163285620118177
0,"1_2-Butenal, (Z)-",0.6666667,0.5364218,0.11840574,0.02161783102783851
359,632_Unknown,0.6666667,0.5355548,0.11129579,0.020319738151218944
211,353_3-Ethyl-2-nonanone,0.6666667,0.5352118,0.18032521,0.03292272841852986
516,1010_Unknown,0.6666667,0.5343966,0.13456212,0.024567569474314817
653,1269_Unknown,0.6666667,0.5324753,0.12641004,0.02307920963761598
763,"1653_1,2-Benzenedicarboxylic acid, bis(2-methylpropyl) ester",0.6666667,0.53173625,0.12135899,0.02215701891520249
258,"438_Undecane, 5,5-dimethyl-",0.6666667,0.53138465,0.14988191,0.02736456846705452
455,838_Terpinen-4-ol,0.6666667,0.53050804,0.14234312,0.025988179021724744
665,1298_Unknown,0.6666667,0.5295714,0.13581248,0.0247958522825802
142,"228_Cyclopentane, 1,2,4-trimethyl-, (1.alpha.,2.beta.,4.alpha.)-",0.6666667,0.5286392,0.16791928,0.030657725493303718
647,"1263_2,4-Di-tert-butylphenol",0.6666667,0.52543795,0.1454475,0.026554957543101637
329,"575_Cyclopentene, 1,4-dimethyl-5-(1-methylethyl)-",0.6666667,0.5244134,0.12849058,0.023459063415931285
518,"1012_Phenol, 2-methyl-5-(1-methylethyl)-",0.6666667,0.5197185,0.14994413,0.02737592683583664
383,"683_Formic acid, octyl ester",0.6333333,0.6138276,0.16940731,0.030929401351167868
226,381_Unknown,0.6333333,0.5893436,0.19282706,0.03520524363593578
37,58_cis-1-Ethoxy-1-butene,0.6333333,0.5742922,0.1312397,0.02396098089056935
515,"1002_3-Picoline, 5-(tert-butylthio)-",0.6333333,0.5707591,0.15741901,0.028740647767703773
213,"360_3,5-Octanedione, 2,2,4,7-tetramethyl-",0.6333333,0.56993467,0.20451644,0.037339422637898224
343,609_Unknown,0.6333333,0.5688031,0.16368201,0.029884110396262518
421,758_Unknown,0.6333333,0.56742126,0.17102545,0.031224833203332737
538,1053_Unknown,0.6333333,0.56509054,0.1744508,0.03185021274592326
158,251_Unknown,0.6333333,0.56477374,0.18794541,0.03431398032341814
580,"1138_Bicyclo[4.4.0]dec-1-ene, 2-isopropyl-5-methyl-9-methylene-",0.6333333,0.56460816,0.14976676,0.027343543922396255
410,732_Nonanal,0.6333333,0.56127155,0.16060592,0.02932249551175951
143,229_Unknown,0.6333333,0.5610259,0.16648546,0.03039594705954241
68,110_2-Heptene,0.6333333,0.5600532,0.12629971,0.023059066556786557
591,"1159_5-Azulenemethanol, 1,2,3,4,5,6,7,8-octahydro-.alpha.,.alpha.,3,8-tetramethyl-, acetate, [3S-(3.alpha.,5.alpha.,8.alpha.)]-",0.6333333,0.55999976,0.14462452,0.026404703327660227
595,1172_2-Cyanoquinoxaline,0.6333333,0.55982786,0.15201165,0.027753402838267976
148,"234_Hexane, 2,2,4-trimethyl-",0.6333333,0.55889744,0.13505849,0.024658194294075612
33,51_Unknown,0.6333333,0.55524313,0.13564187,0.024764704506727138
594,1168_Unknown,0.6333333,0.55478436,0.13030289,0.02378994426096587
610,"1197_Quinoline, 2,7-dimethyl-",0.6333333,0.55331117,0.15676446,0.028621144125278972
481,903_Unknown,0.6333333,0.552076,0.1498934,0.027366666024499074
450,"827_p-Acetophenetidide, N-methyl-",0.6333333,0.5506084,0.1700513,0.03104697883189261
309,537_Hexanoic acid,0.6333333,0.5491258,0.14609507,0.02667318795999589
489,934_Unknown,0.6333333,0.54832387,0.14529364,0.026526867684975787
550,"1071_2,4,4-Trimethyl-3-(3-methylbutyl)cyclohex-2-enone",0.6333333,0.54819816,0.12433032,0.022699506850789874
493,943_Unknown,0.6333333,0.5481757,0.13623567,0.024873116395972367
725,1445_Heptadecane,0.6333333,0.5475899,0.16320965,0.02979786841053957
276,479_3-Ethylcyclopentanone,0.6333333,0.5458259,0.13191381,0.02408405663795485
168,270_Unknown,0.6333333,0.54545677,0.111146316,0.020292448139900745
149,235_3-Nonen-5-one,0.6333333,0.545108,0.12599914,0.02300418999230651
313,544_2-Octanone,0.6333333,0.54491717,0.13100457,0.023918053057991356
77,122_Unknown,0.6333333,0.54488575,0.14953284,0.02730083645577547
482,906_Unknown,0.6333333,0.543681,0.15854713,0.028946613761808734
533,"1044_Ethanone, 1-(2,4,5-trimethylphenyl)-",0.6333333,0.543076,0.16503549,0.030131219530748807
31,49_Unknown,0.6333333,0.54053867,0.14790824,0.027004226597938108
244,406_Unknown,0.6333333,0.5380928,0.1465035,0.02674775599112145
12,"19_Cyclohexane, (1,1-dimethylethyl)-",0.6333333,0.5378274,0.17646433,0.03221783213276235
98,148_Propanoic acid,0.6333333,0.53731817,0.14272,0.02605698761172174
604,"1187_2-Butanone, 4-(2,6,6-trimethyl-1-cyclohexen-1-yl)-",0.6333333,0.5366032,0.15625694,0.028528484321123204
521,"1016_Benzothiazole, 2-methyl-",0.6333333,0.5357539,0.15958871,0.02913677870061152
126,190_Unknown,0.6333333,0.5354897,0.1419988,0.025925314871437673
415,746_Unknown,0.6333333,0.53387046,0.14502293,0.026477443137511155
13,20_Unknown,0.6333333,0.533826,0.10667591,0.019476267045742155
83,129_Unknown,0.6333333,0.53351206,0.173276,0.03163572593480619
646,1262_Unknown,0.6333333,0.53345776,0.14874142,0.02715634440203
681,1335_Unknown,0.6333333,0.53279006,0.16120839,0.029432490771215805
621,1216_Unknown,0.6333333,0.53254217,0.15220153,0.02778807102830165
43,70_Trimethylene oxide,0.6333333,0.5296326,0.13875243,0.02533261206356381
119,"182_2,2,4,4-Tetramethyloctane",0.6333333,0.52871025,0.1257539,0.02295941489448227
41,66_Unknown,0.6333333,0.52782613,0.1544825,0.02820451643778332
15,23_Unknown,0.6333333,0.5245642,0.14308976,0.026124495770514462
69,111_Unknown,0.6333333,0.5226911,0.16984598,0.031009492134060544
274,477_Unknown,0.6333333,0.5220421,0.13511647,0.02466878002172381
382,"681_7-Octen-2-ol, 2,6-dimethyl-",0.6333333,0.5183972,0.14277901,0.026067761058518678
335,"591_Silane, triethylfluoro-",0.6333333,0.5140388,0.13264903,0.02421828943213688
197,334_Unknown,0.6333333,0.5136262,0.15272024,0.027882773978554515
614,1202_Biphenylene,0.6333333,0.5133596,0.16811414,0.030693302352839964
95,145_Unknown,0.6333333,0.5131513,0.10080869,0.018405064046893013
740,1493_Unknown,0.6333333,0.50972277,0.1230992,0.02247473629500299
498,"950_Acetic acid, chloro-, 2-phenylethyl ester",0.6333333,0.5073494,0.14076042,0.025699219399340154
667,"1302_Adipic acid, di(but-2-en-1-yl) ester",0.6333333,0.50525635,0.13005866,0.023745354161722996
581,1139_Unknown,0.6333333,0.50310063,0.10571148,0.019300187844512887
40,62_Unknown,0.6333333,0.4962881,0.1295604,0.02365438382990584
466,872_Unknown,0.6,0.5888633,0.15757054,0.02876831321731944
422,760_Unknown,0.6,0.58576936,0.16403465,0.029948492623143703
605,1189_.gamma.-Neoclovene,0.6,0.5724408,0.16469212,0.030068529496773605
678,"1325_1-Adamantanecarboxylic acid, 2-adamantyl ester",0.6,0.5627505,0.1234157,0.02253252114600474
153,"239_1-Butene, 2,3,3-trimethyl-",0.6,0.56241935,0.13055262,0.02383553824956937
463,858_2-Decanone,0.6,0.5617108,0.16206095,0.02958814531289255
572,1121_Unknown,0.6,0.561552,0.15806518,0.02885862245126497
642,1257_Pentadecane,0.6,0.561076,0.11831501,0.02160126685338822
209,"350_Trisiloxane, octamethyl-",0.6,0.558039,0.1327742,0.024241142198069776
243,405_Unknown,0.6,0.5578606,0.17213306,0.031427052976165125
332,"588_Propanenitrile, 2,2'-azobis[2-methyl-",0.6,0.5559388,0.15627731,0.028532203336722045
384,684_Decyl octyl ether,0.6,0.55563295,0.19756305,0.0360699134023827
734,"1472_Benzenecarbothioic acid, S-ethyl ester",0.6,0.5539718,0.16665323,0.030426577927594605
63,97_Unknown,0.6,0.5530314,0.17050181,0.031129229745279423
756,"1570_Ethanedione, diphenyl-",0.6,0.5519844,0.13956633,0.025481209453475085
299,522_Unknown,0.6,0.55194026,0.17956385,0.03278372374917566
325,570_Unknown,0.6,0.55184436,0.14527878,0.02652415527930494
764,1654_Tetracosane,0.6,0.5495297,0.14028245,0.025611954480284974
758,"1597_Benzenebutanal, .gamma.,4-dimethyl-",0.6,0.54916376,0.12666574,0.023125894573736035
128,"203_1,3-Dioxolane, 2-ethyl-4-methyl-",0.6,0.5487178,0.13626441,0.024878364370434815
554,"1077_Sulfurous acid, cyclohexylmethyl heptadecyl ester",0.6,0.5481821,0.1304822,0.023822680848164742
479,"897_2,3,4,6-Tetrahydroisoquinolin-6-one, 1-[4-hydroxybenzyl]-7-methoxy-",0.6,0.547968,0.13018516,0.023768449058152084
32,50_Unknown,0.6,0.54693484,0.19781585,0.03611606782786503
775,1707_Squalane,0.6,0.5466681,0.1680317,0.03067825217413273
585,1147_Unknown,0.6,0.54639226,0.15990882,0.029195221928917527
199,336_1-Methylcyclopropanemethanol,0.6,0.54572946,0.17527917,0.03200145180675369
10,"17_Furan, 2,3-dihydro-4-methyl-",0.6,0.54423946,0.1627834,0.029720046580835945
129,205_Unknown,0.6,0.5442143,0.12469748,0.02276654027057601
776,1717_Unknown,0.6,0.54416263,0.13777001,0.02515324777723169
246,409_Unknown,0.6,0.54393446,0.1378146,0.025161387714811596
484,908_Unknown,0.6,0.5436049,0.14688823,0.026817998320124
616,1204_Unknown,0.6,0.5433789,0.14310868,0.026127950891078125
679,1329_2-Methoxycarbonyl-2-methylbrendane,0.6,0.542945,0.14861925,0.02713403847013907
245,407_Unknown,0.6,0.5427181,0.16508698,0.03014062181158977
445,"815_Acetic acid, phenylmethyl ester",0.6,0.5421645,0.19159049,0.03497947735249039
589,"1151_1H-Cycloprop[e]azulene, decahydro-1,1,4,7-tetramethyl-",0.6,0.54174995,0.17362125,0.03169875876027038
537,"1052_1,3-Cyclohexadiene-1-carboxaldehyde, 2,6,6-trimethyl-",0.6,0.54056084,0.1701445,0.031063993260243127
265,459_Unknown,0.6,0.5401896,0.16122976,0.029436392064828634
177,288_4-Hexen-3-one,0.6,0.53963464,0.121650904,0.02221031483003885
107,"162_3-Hexene, 2,2-dimethyl-, (Z)-",0.6,0.5385161,0.14410922,0.02631062338733577
376,668_Phenylglyoxal,0.6,0.53841805,0.15632388,0.028540705109762556
644,1259_Unknown,0.6,0.53740185,0.120801665,0.02205526561460259
206,346_Unknown,0.6,0.53729135,0.15926361,0.02907742408223557
555,"1080_Tricyclo[5.4.0.0(2,8)]undec-9-ene, 2,6,6,9-tetramethyl-, (1R,2S,7R,8R)-",0.6,0.5370366,0.13448226,0.024552989953763107
507,974_Unknown,0.6,0.5369675,0.14164355,0.025860456545266218
731,"1464_2,6,11,15-Tetramethyl-hexadeca-2,6,8,10,14-pentaene",0.6,0.536588,0.12449613,0.02272977996423253
186,316_2-Ethyl-5-propylcyclopentanone,0.6,0.5365603,0.16821782,0.030712232060621045
651,1267_Unknown,0.6,0.5364301,0.15602066,0.02848534428429012
191,"325_2,6-Octadiene-4,5-diol",0.6,0.53538775,0.15139756,0.02764128553626077
234,391_Unknown,0.6,0.5350954,0.1240214,0.022643106768580966
225,"378_2,2,3-Triethyloxirane",0.6,0.5341356,0.1232543,0.022503053320504483
486,"912_Cyclohexane, isothiocyanato-",0.6,0.5339121,0.11786766,0.021519592700284477
152,238_2-Methyl-4-methoxy-1-butanol,0.6,0.5336229,0.17669454,0.03225986217810727
671,"1312_Heptasiloxane, hexadecamethyl-",0.6,0.5333499,0.14066513,0.02568182137099005
652,1268_Bis(pentamethylcyclotrisiloxy)tetramethyldisiloxane,0.6,0.5331598,0.15396468,0.02810997672157283
779,1730_Cyclic octaatomic sulfur,0.6,0.53213304,0.15022492,0.027427193207412767
292,508_Unknown,0.6,0.5318526,0.11838274,0.02161363183209834
600,1180_Unknown,0.6,0.5308061,0.14948328,0.027291787848692992
529,"1034_.beta.-Hydroxypyruvic acid, trimethylsilyl ether, trimethylsilyl ester",0.6,0.530502,0.12978053,0.02369457477170663
403,"717_1-Hexadecen-3-ol, 3,5,11,15-tetramethyl-",0.6,0.5300228,0.09945795,0.01815845413651966
693,1354_Unknown,0.6,0.52881086,0.09526169,0.017392326040888858
771,1670_Unknown,0.6,0.52818733,0.16761062,0.03060137166074015
340,605_D-Limonene,0.6,0.52775997,0.15772142,0.028795858961970698
231,388_Unknown,0.6,0.5276434,0.12202259,0.022278175302306365
714,"1411_Phenol, 2,4-di-t-butyl-6-nitro-",0.6,0.5274076,0.15290645,0.02791677018844707
560,1093_Unknown,0.6,0.5255201,0.14097117,0.02573769638369598
528,"1033_Cyclohexasiloxane, dodecamethyl-",0.6,0.5250769,0.15899996,0.029029289083705726
705,"1388_Pentadecane, 2,6,10-trimethyl-",0.6,0.52494323,0.11933838,0.021788107258861246
449,826_Unknown,0.6,0.5249356,0.12751752,0.023281407645909385
571,1119_Longifolene-(V4),0.6,0.52472395,0.13385788,0.024438992739701185
607,1192_Unknown,0.6,0.52424175,0.12904572,0.023560418153411047
664,1297_aR-Himachalene,0.6,0.52176803,0.14387697,0.02626822062426076
200,337_2-Methoxythiophene,0.6,0.5211805,0.15758024,0.02877008430667924
648,1264_Unknown,0.6,0.51844776,0.13191314,0.02408393421242307
531,1041_Unknown,0.6,0.5174293,0.14582255,0.026623434223879132
478,"894_2,4-Nonadienal, (E,E)-",0.6,0.5156928,0.13018535,0.023768484425527935
221,372_Unknown,0.6,0.51514673,0.15172493,0.027701056401444782
469,877_Unknown,0.6,0.5131782,0.17457849,0.03187352528774219
339,602_Unknown,0.6,0.5130735,0.11772841,0.021494168998184134
716,1419_Tetradecyl trifluoroacetate,0.6,0.51230425,0.1509259,0.027555174137771723
525,1024_Unknown,0.6,0.51221746,0.11100162,0.02026603007042558
565,1102_N-(tert-Butyldimethylsilyl)-9-ethyl-9H-carbazol-3-amine,0.6,0.51161265,0.117313415,0.021418401196847094
391,"697_Benzene, 2-ethyl-1,4-dimethyl-",0.6,0.5103953,0.18174765,0.03318242833881823
625,"1221_1,2-Bis(trimethylsilyl)-4-methylbenzene",0.6,0.5097462,0.15454058,0.02821512120940313
55,"86_Silanediol, dimethyl-",0.6,0.5091047,0.16417946,0.029974931096874165
496,"948_2,6,10-Trimethyltridecane",0.6,0.5087319,0.15444341,0.028197380389564035
174,277_Unknown,0.6,0.5081863,0.1530729,0.027947158926003073
301,"524_3-Pentenoic acid, 4-methyl-",0.6,0.50776917,0.13642198,0.02490713164983653
404,720_Linalool,0.6,0.5045141,0.17682016,0.03228279656106135
49,78_Unknown,0.6,0.501967,0.11995553,0.021900783637463592
171,"273_1-Butyne, 3-chloro-",0.6,0.50116247,0.13670725,0.02495921419162455
483,"907_2-Propenoic acid, 6-methylheptyl ester",0.6,0.4965288,0.11397241,0.02080842006558754
633,"1242_Butanedioic acid, bis(2-methylpropyl) ester",0.6,0.49505913,0.13889629,0.0253588764209824
306,533_Unknown,0.56666666,0.57023424,0.17967553,0.032804114401636025
97,"147_Methanamine, N,N-difluoro-",0.56666666,0.5683657,0.16748628,0.03057867124658014
35,"54_Heptanal, 2-methyl-",0.56666666,0.5628061,0.14648269,0.026743958079068795
115,178_Unknown,0.56666666,0.562262,0.16692479,0.030476157547399494
305,531_Unknown,0.56666666,0.55992067,0.19985901,0.03648909570264157
612,"1200_Benzene, 1-(1,5-dimethylhexyl)-4-methyl-",0.56666666,0.55671805,0.19114016,0.034897259085912055
574,1127_Unknown,0.56666666,0.5567158,0.18247083,0.0333144629145629
371,658_Unknown,0.56666666,0.55623454,0.12745635,0.02327023971684337
90,136_Unknown,0.56666666,0.5499793,0.1684686,0.03075801648894065
461,851_Unknown,0.56666666,0.54919076,0.14749186,0.026928205783835386
654,1271_Unknown,0.56666666,0.54696214,0.16046473,0.02929671813590068
64,"100_Formic acid, butyl ester",0.56666666,0.54680693,0.17503174,0.03195627678552563
638,"1250_Octacosane, 1-iodo-",0.56666666,0.5458552,0.1480838,0.027036280322726366
355,"626_3,5-Octadien-2-ol",0.56666666,0.5456545,0.14011082,0.025580618985283177
559,1091_Unknown,0.56666666,0.5441348,0.15302421,0.0279382708323956
122,185_Unknown,0.56666666,0.54371387,0.1389485,0.025368409289057266
88,134_Unknown,0.56666666,0.54327637,0.1518736,0.02772819950212484
297,516_1-Decen-3-one,0.56666666,0.5424941,0.17061949,0.031150714065823714
241,"401_2-Propanol, 1-methoxy-2-methyl-",0.56666666,0.5417396,0.13867365,0.02531822842386295
348,615_Unknown,0.56666666,0.5408982,0.1357126,0.024777616319479223
452,832_trans-2-Dodecen-1-ol,0.56666666,0.5393222,0.1845571,0.033695361390749426
318,"551_2-Methyl-1,6-dioxaspiro[4.4]nonane",0.56666666,0.538953,0.17241567,0.031478651256960755
457,"846_Ethanol, 1-(2-butoxyethoxy)-",0.56666666,0.5377255,0.17361404,0.031697442005661866
702,1374_Unknown,0.56666666,0.5375877,0.14747255,0.026924679928520025
275,478_Unknown,0.56666666,0.53705245,0.18761963,0.03425450055894303
552,1073_Unknown,0.56666666,0.53600496,0.174041,0.03177539442259939
72,115_Unknown,0.56666666,0.5359902,0.17140166,0.03129351936779795
367,"649_2(3H)-Furanone, 5-ethyldihydro-",0.56666666,0.53542495,0.1460605,0.026666876243690615
262,450_Unknown,0.56666666,0.5348118,0.16647257,0.030393593768764795
381,680_Unknown,0.56666666,0.53461796,0.15958543,0.029136180175789467
151,"237_Ethanol, 2-propoxy-",0.56666666,0.53236955,0.11257229,0.020552794194940188
47,75_Unknown,0.56666666,0.53208846,0.15963745,0.029145677676488485
592,"1163_10,10-Dimethyl-4-acetyl-tricyclo[5.2.1.0(1,5)]decane",0.56666666,0.5317674,0.17463903,0.03188457895297854
48,"76_Ethane, methoxy-",0.56666666,0.5308546,0.1479828,0.027017840317072418
42,68_Unknown,0.56666666,0.52915317,0.16267708,0.029700635332629847
111,173_Unknown,0.56666666,0.52872664,0.16394351,0.029931853633090658
322,566_Unknown,0.56666666,0.52858317,0.123087816,0.022472657781530046
342,608_2-Propyl-1-pentanol,0.56666666,0.5282051,0.114179775,0.020846279481149702
44,71_Unknown,0.56666666,0.5278474,0.16417474,0.029974068677016935
748,1516_Tetradecanoic acid,0.56666666,0.52760744,0.12804276,0.02337730220467161
366,"648_Succinic acid, tridec-2-yn-1-yl 3-methylbut-3-en-1-yl ester",0.56666666,0.5266523,0.14040264,0.0256338985767153
503,963_Unknown,0.56666666,0.52656525,0.12612434,0.023027048199374147
769,1665_Unknown,0.56666666,0.52651924,0.13917492,0.02540974831028945
390,"696_Silicic acid, diethyl bis(trimethylsilyl) ester",0.56666666,0.52636373,0.15467028,0.028238801027817406
52,"82_2-Cyclopenten-1-one, 3-methyl-",0.56666666,0.5259994,0.17245486,0.03148580634915165
522,"1017_Naphthalene, 1-methyl-",0.56666666,0.5251963,0.15433021,0.028176712239231627
718,1434_Unknown,0.56666666,0.5244569,0.14000854,0.025561945010835155
316,548_4-Octanol,0.56666666,0.52414584,0.13022795,0.023776262527647238
658,"1282_Benzoic acid, 4-ethoxy-, ethyl ester",0.56666666,0.52396685,0.14746591,0.026923469276039055
21,33_Unknown,0.56666666,0.52353245,0.12032074,0.021967460662923873
185,313_Unknown,0.56666666,0.5233763,0.14405413,0.026300565449757923
639,1251_Unknown,0.56666666,0.5231792,0.14711374,0.02685917138674643
699,1370_Unknown,0.56666666,0.5218734,0.121559784,0.022193678560553175
684,1339_Unknown,0.56666666,0.52175486,0.13094391,0.02390697762821602
160,"256_Propanoic acid, propyl ester",0.56666666,0.5214379,0.13162066,0.02403053491602654
717,"1433_3-Chloropropionic acid, heptadecyl ester",0.56666666,0.5212603,0.14518324,0.0265067110013095
145,231_Unknown,0.56666666,0.5208815,0.12672265,0.023136284420533386
220,371_Unknown,0.56666666,0.52086216,0.15857123,0.028951012919250816
444,"813_2-Nonenal, (E)-",0.56666666,0.5207614,0.14745726,0.026921888626395364
36,56_Unknown,0.56666666,0.5205852,0.14284065,0.026079016045740627
57,"88_Sulfurous acid, dimethyl ester",0.56666666,0.52025837,0.12809128,0.023386160372037976
352,621_Benzyl alcohol,0.56666666,0.51988,0.114648715,0.020931895736376868
562,1097_Unknown,0.56666666,0.51955086,0.11929372,0.021779953718444472
430,"783_Cyclohexanol, 1-butyl-",0.56666666,0.5194897,0.14175342,0.02588051528850708
487,"914_Pentasiloxane, dodecamethyl-",0.56666666,0.5192088,0.110530235,0.020179967642149247
291,"507_Formic acid, heptyl ester",0.56666666,0.5191935,0.14841098,0.027096013099967155
70,112_Unknown,0.56666666,0.5186319,0.16761276,0.030601763422441856
448,824_Unknown,0.56666666,0.5181598,0.151872,0.02772790568084856
777,"1718_1,1'-Binaphthalene, 5,5',6,6',7,7',8,8'-octahydro-",0.56666666,0.5180047,0.14797263,0.027015982169556686
590,"1157_2,4,8-Trimethyl-1,2,3,4-tetrahydroquinoline",0.56666666,0.51790625,0.122698024,0.022401491819904376
519,1013_Unknown,0.56666666,0.5177458,0.13387863,0.02444278249005172
567,1106_o-tert-Butyl cyclohexyl acetate 1,0.56666666,0.5173009,0.12528567,0.022873929226489006
45,72_Unknown,0.56666666,0.51677185,0.15111202,0.02758915402426004
218,365_Unknown,0.56666666,0.516384,0.14692007,0.026823812172600024
584,"1145_2,3-Dihydro-1H-cyclopenta[b]quinoxaline",0.56666666,0.5163246,0.13910855,0.025397630903210268
707,"1393_Fumaric acid, eicosyl trans-hex-3-enyl ester",0.56666666,0.51625484,0.13368244,0.024406963500019283
543,"1061_Benzene, 3-cyclohexen-1-yl-",0.56666666,0.51597005,0.12440104,0.02271241866354196
761,1645_Palmitoleic acid,0.56666666,0.5159175,0.16497023,0.0301193061662226
26,"38_Methoxyacetic acid, 2-tetrahydrofurylmethyl ester",0.56666666,0.51584536,0.14389239,0.026271036411491776
728,1454_Unknown,0.56666666,0.51560336,0.14276013,0.02606431409965713
283,"492_Pentadecane, 6-methyl-",0.56666666,0.51549697,0.12768775,0.02331248740757812
116,179_Unknown,0.56666666,0.5141833,0.14283031,0.02607712797198379
8,13_3-Methoxypropionic acid,0.56666666,0.5141265,0.16960162,0.030964877549711313
703,1375_Unknown,0.56666666,0.5140804,0.12772243,0.02331881816785501
76,121_Unknown,0.56666666,0.5137399,0.17511037,0.031970633219552756
255,"431_1-Hexyn-3-ol, 3-methyl-",0.56666666,0.5134035,0.13059859,0.023843931199914962
458,847_Unknown,0.56666666,0.5131648,0.14015321,0.02558835899945926
608,1193_Unknown,0.56666666,0.5126335,0.15036565,0.027452886245683036
690,1345_Unknown,0.56666666,0.5102249,0.10915184,0.01992830835873168
320,561_Unknown,0.56666666,0.5101746,0.18457073,0.033697850709895685
712,"1408_Heptadecane, 2-methyl-",0.56666666,0.5094412,0.13238123,0.024169395395309975
757,1579_Isopropyl myristate,0.56666666,0.5091789,0.14770068,0.0269663318150001
165,267_Unknown,0.56666666,0.5083051,0.13916071,0.02540715288901564
294,511_Unknown,0.56666666,0.50806826,0.15240999,0.02782612904528204
163,263_Unknown,0.56666666,0.5074155,0.16580994,0.030272615578823846
694,"1358_Cedrane, 8-propoxy-",0.56666666,0.50628096,0.12701964,0.023190508048843924
131,209_Unknown,0.56666666,0.5062371,0.12878339,0.02351252256481002
685,1340_Diethyl Phthalate,0.56666666,0.5061281,0.13394211,0.024454372107060546
626,"1223_2,5-Cyclohexadiene-1,4-dione, 2,6-bis(1,1-dimethylethyl)-",0.56666666,0.50595015,0.12479297,0.022783975026585652
606,"1190_Quinoline, 1,2-dihydro-2,2,4-trimethyl-",0.56666666,0.5050943,0.1298295,0.02370351455609419
710,"1406_Pyrene, hexadecahydro-",0.56666666,0.502474,0.15373443,0.028067938514525794
196,333_Unknown,0.56666666,0.5014342,0.121224865,0.022132531088278444
281,"488_Tridecane, 6-methyl-",0.56666666,0.5003298,0.18794255,0.03431345797448253
379,675_Cyclooctyl alcohol,0.56666666,0.49810785,0.17353751,0.031683469171634324
460,849_Unknown,0.56666666,0.49760848,0.1518974,0.027732544248219464
155,243_Unknown,0.56666666,0.49714297,0.15496221,0.028292099663221135
611,"1198_Phthalic acid, methyl neopentyl ester",0.56666666,0.49694824,0.13860503,0.025305700211110452
641,1255_Unknown,0.56666666,0.4919649,0.1624522,0.029659579250404453
704,"1376_Cyclooctasiloxane, hexadecamethyl-",0.56666666,0.49035785,0.12327497,0.022506826747450782
524,"1022_2-Cyclohexen-1-one, 4-butyl-3-methoxy-",0.53333336,0.5766176,0.15270942,0.027880798846641745
228,385_n-Heptyl acrylate,0.53333336,0.5574882,0.16540085,0.030197925122166503
80,125_Unknown,0.53333336,0.5550196,0.22676107,0.04140071825906685
121,184_Unknown,0.53333336,0.5508467,0.14827801,0.027071737477298203
208,349_Unknown,0.53333336,0.548384,0.13467117,0.024587478586350166
770,1667_Unknown,0.53333336,0.54746145,0.14911592,0.02722471770124732
573,"1125_2,4,4,6,6,8,8-Heptamethyl-1-nonene",0.53333336,0.5461809,0.17044762,0.031119335041743953
285,496_(E)1-Allyl-2-methylcyclohexanol,0.53333336,0.5459956,0.17529806,0.03200490148618261
364,"640_1-Hexanol, 3,5,5-trimethyl-",0.53333336,0.54423255,0.14175783,0.025881320576449478
759,1601_Unknown,0.53333336,0.5437171,0.116364636,0.021245178591359437
361,"635_2,4,6-Cycloheptatrien-1-one, 4-methyl-",0.53333336,0.5422912,0.13813613,0.025220092117585406
358,630_Unknown,0.53333336,0.54101825,0.17592342,0.03211907553712377
328,"574_2-Octanol, (S)-",0.53333336,0.5403497,0.13418818,0.024499296836090294
106,161_Unknown,0.53333336,0.5396871,0.13702653,0.02501750778872504
425,"777_Cyclopentasiloxane, decamethyl-",0.53333336,0.5383578,0.1932696,0.03528603904577805
696,1366_Unknown,0.53333336,0.53573406,0.1337273,0.024415152407811905
169,271_Unknown,0.53333336,0.5352303,0.14925049,0.027249287145192556
476,891_Unknown,0.53333336,0.53409165,0.1552251,0.02834009591281496
527,"1032_Carbonic acid, tetradecyl vinyl ester",0.53333336,0.533336,0.1479922,0.027019554274517386
182,"301_Benzene, chloro-",0.53333336,0.5332575,0.11957139,0.021830648770872277
394,703_Lethane,0.53333336,0.53269833,0.18104638,0.03305439571767919
217,364_3-Heptanone,0.53333336,0.5323752,0.1411856,0.025776845348192926
635,1244_Unknown,0.53333336,0.5319451,0.12813997,0.023395051186212823
744,1504_Unknown,0.53333336,0.5304774,0.14366229,0.02622902541011847
23,35_Unknown,0.53333336,0.5279788,0.16334064,0.029821784918315292
774,1700_Dotriacontane,0.53333336,0.5272909,0.15651523,0.02857563991539878
92,138_Unknown,0.53333336,0.5272342,0.14879918,0.027166889321167606
1,2_Unknown,0.53333336,0.5264305,0.14387247,0.02626739901291412
373,"663_2,5-Hexanediol, 2,5-dimethyl-",0.53333336,0.5261815,0.12663004,0.023119376094310414
556,"1083_2,7-Imino-3,6-methanonaphthalene, decahydro-",0.53333336,0.52480567,0.13964477,0.025495530520126364
341,606_Unknown,0.53333336,0.52475554,0.16626088,0.030354945388664473
587,1149_Unknown,0.53333336,0.5242073,0.1434217,0.0261850991293146
462,853_Unknown,0.53333336,0.52366346,0.18595752,0.03395104303302792
547,1067_Cedrene-V6,0.53333336,0.5234714,0.120961614,0.02208446818478398
278,"483_2H-Pyran-3,4,5-triol, tetrahydro-2-methoxy-6-methyl-",0.53333336,0.5232991,0.15994884,0.029202529372881307
175,283_3-Furaldehyde,0.53333336,0.52274686,0.12948981,0.02364149650226011
392,"698_1,6-Dioxaspiro[4.4]nonane, 2-ethyl-",0.53333336,0.52162975,0.11732712,0.021420902758546533
75,"120_Oxirane, 2-(1,1-dimethylethyl)-3-methyl-",0.53333336,0.5214783,0.14263144,0.02604081927982422
689,"1344_Phenol, 2,4,6-tri-tert-butyl-",0.53333336,0.52123946,0.15408942,0.02813275059105191
630,"1235_Cycloheptasiloxane, tetradecamethyl-",0.53333336,0.52098125,0.17328179,0.03163678151494689
296,513_Unknown,0.53333336,0.5204435,0.1773461,0.03237881898649011
237,"395_Ethanol, 2-butoxy-",0.53333336,0.52040267,0.15302004,0.027937509073531173
491,938_Unknown,0.53333336,0.5198584,0.12868388,0.02349435461589337
279,484_Unknown,0.53333336,0.5191946,0.1233031,0.022511963178650937
730,1459_Pentadecanal-,0.53333336,0.5189,0.15507823,0.028313282000787032
117,"180_1-Penten-3-one, 2-methyl-",0.53333336,0.51884216,0.15480205,0.02826285900509652
99,149_Unknown,0.53333336,0.51872015,0.1393097,0.025434355842177906
378,672_Acetophenone,0.53333336,0.51867974,0.12371343,0.02258687808211655
579,"1135_Hexasiloxane, tetradecamethyl-",0.53333336,0.51843053,0.13957377,0.025482567016594196
570,1117_Unknown,0.53333336,0.51776636,0.14175788,0.025881328738151597
500,"958_1H-Indene, 2,3-dihydro-1,1-dimethyl-",0.53333336,0.5175001,0.122309506,0.022330558466789094
506,968_Unknown,0.53333336,0.5165805,0.14261079,0.02603704857344529
362,"636_2-Propenoic acid, 2-methyl-, 2-hydroxypropyl ester",0.53333336,0.5164067,0.16323195,0.029801941099896895
749,"1526_.alpha.-Phellandrene, dimer",0.53333336,0.5145942,0.16324495,0.02980431343464612
542,"1060_Cyclohexanol, 4-(1,1-dimethylethyl)-, acetate, cis-",0.53333336,0.51394373,0.13514148,0.024673345133775646
499,"952_Sulfurous acid, 2-ethylhexyl undecyl ester",0.53333336,0.51384705,0.15355222,0.028034671416689198
289,"502_Oxalic acid, butyl 2-ethylhexyl ester",0.53333336,0.51325005,0.1285827,0.023475881963430947
100,150_Unknown,0.53333336,0.5131737,0.13363811,0.024398869812084716
248,"411_Propanoic acid, butyl ester",0.53333336,0.51276374,0.14835626,0.027086023176573635
273,476_Unknown,0.53333336,0.51256716,0.1525476,0.027851253484971358
656,1277_Octadecyl octyl ether,0.53333336,0.51204205,0.115079634,0.021010570463951918
442,"807_Benzene, (2-methylbutyl)-",0.53333336,0.51182604,0.14555599,0.026574765994144184
125,189_Unknown,0.53333336,0.51156014,0.13845623,0.02527853262532404
504,966_Unknown,0.53333336,0.5115407,0.111523144,0.020361247207911937
336,592_Tetramethylbutanedinitrile,0.53333336,0.5113187,0.13632758,0.024889896855528806
532,"1042_Ethanone, 1-[4-(1-methylethyl)phenyl]-",0.53333336,0.51112443,0.1475838,0.02694499168452657
180,"296_.beta.-D-Glucopyranose, 1,6-anhydro-",0.53333336,0.51088375,0.1355298,0.024744243119515077
677,"1324_Hexadecane, 7,9-dimethyl-",0.53333336,0.5107395,0.114575475,0.020918524147738753
440,"804_2,6-Dimethyldecane",0.53333336,0.5094413,0.17391881,0.03175308577014109
114,177_Unknown,0.53333336,0.5093618,0.12410907,0.02265911186643611
312,543_Unknown,0.53333336,0.50864893,0.16644,0.030387646608487497
89,"135_Disulfide, dimethyl",0.53333336,0.5065204,0.16711932,0.030511674554453538
613,1201_Dimethyl phthalate,0.53333336,0.5058703,0.17304315,0.031593211628468884
511,"983_Benzaldehyde, 4-propyl-",0.53333336,0.5056257,0.121581435,0.02219763154494609
583,1141_Diphenyl ether,0.53333336,0.50534356,0.13986933,0.025536529470436928
659,1283_2-(1-Cyclohexenyl)cyclohexanone,0.53333336,0.504795,0.11976302,0.02186563526728859
676,1323_Unknown,0.53333336,0.50468266,0.119119495,0.02174814484471978
388,"693_Hexane, 2,5-dimethoxy-2,5-dimethyl-",0.53333336,0.50230914,0.14673835,0.02679063485348673
203,"340_Acetaldehyde, butylhydrazone",0.53333336,0.50229,0.16201653,0.02958003530155374
257,436_Unknown,0.53333336,0.50215876,0.18309523,0.033428462849192195
586,1148_Unknown,0.53333336,0.5008402,0.14294252,0.026097613844302207
219,370_o-Xylene,0.53333336,0.5005534,0.12946159,0.023636343747655716
288,"501_5-Ethyl-2,4-nonandione",0.53333336,0.49809188,0.1712487,0.03126559274371448
51,"80_Propionic acid, 2-mercapto-, allyl ester",0.53333336,0.497387,0.16428486,0.029994173669903135
239,398_Unknown,0.53333336,0.49727824,0.1569767,0.028659893166372092
398,712_Unknown,0.53333336,0.4970412,0.103224516,0.018846131951383686
249,412_Unknown,0.53333336,0.4957876,0.16139393,0.029466364555576576
698,1369_Unknown,0.53333336,0.49561405,0.1558595,0.028455921348151517
563,1099_2-Undecenal,0.53333336,0.4955913,0.15554321,0.02839817458509299
311,540_Unknown,0.53333336,0.49218026,0.13895452,0.025369508398275942
541,1059_Unknown,0.53333336,0.48848513,0.16962554,0.03096924406034492
109,170_Unknown,0.53333336,0.48829272,0.14193253,0.025913216508330103
673,1315_Eicosane,0.53333336,0.48471737,0.15432666,0.028176064744196865
65,"101_1,3-Propanediol",0.5,0.56248,0.1938304,0.03538842759885954
669,"1305_Hexadecane, 2,6,11,15-tetramethyl-",0.5,0.55722743,0.14565639,0.026593097177103214
314,545_Unknown,0.5,0.5533938,0.16010198,0.029230488643773252
315,"546_Benzene, 1,2,3-trimethyl-",0.5,0.54785293,0.18395305,0.0335850777511516
351,"620_1,3,2-Dioxaborolane, 2,4-diethyl-",0.5,0.5454835,0.13943316,0.02545689574286291
395,706_2-Butoxyethyl acetate,0.5,0.5426089,0.15206496,0.02776313702832844
349,616_Unknown,0.5,0.53970456,0.1443928,0.02636239850501064
365,"645_Nonane, 5-methyl-5-propyl-",0.5,0.53907603,0.14266297,0.02604657600038541
138,223_4-Ethylbenzamide,0.5,0.53874975,0.14538068,0.026542758519001265
535,1047_3-tert-Butyl-2-pyrazolin-5-one,0.5,0.5378716,0.14219096,0.02596039930827941
471,879_Unknown,0.5,0.5377053,0.1752149,0.031989717999674094
304,528_Phenol,0.5,0.53512293,0.1464442,0.02673693085354443
632,"1241_Ethanone, 1-[4-(1-hydroxy-1-methylethyl)phenyl]-",0.5,0.53487194,0.15176025,0.027707504146118705
438,"799_2(3H)-Furanone, 5-heptyldihydro-",0.5,0.53481674,0.16221054,0.029615457088749728
406,726_Unknown,0.5,0.53276604,0.124278456,0.022690037916048275
708,1394_Unknown,0.5,0.53192276,0.15288359,0.027912596838096944
46,"74_1,4-Dioxane",0.5,0.5293783,0.12981364,0.023700619872409356
628,1228_Unknown,0.5,0.5293289,0.15274593,0.027887464236705507
609,"1196_(-)-Neoclovene-(I), dihydro-",0.5,0.5290692,0.11840236,0.02161721481932853
16,25_2-Oxo-6-(piperidine-1-sulfonyl)-benzooxazole-3-carboxylic acid 2-chloro-ethyl ester,0.5,0.5281839,0.13991028,0.025544005589577833
240,"399_2-Hexanol, 5-methyl-",0.5,0.52700925,0.11611691,0.021199950519067604
324,569_Octanal,0.5,0.5269717,0.15404461,0.02812456984496141
157,249_Butanoic acid,0.5,0.5257281,0.13518082,0.02468052743164027
230,"387_2-Propenoic acid, butyl ester",0.5,0.5256535,0.13864985,0.02531388367776833
434,"793_Hexadecanal, 2-methyl-",0.5,0.52560055,0.10833607,0.019779369537615096
602,"1185_Ethanone, 1,1'-(1,4-phenylene)bis-",0.5,0.52387106,0.16187534,0.029554257925694914
298,521_Unknown,0.5,0.5229215,0.13577963,0.024789856152090187
536,1051_Unknown,0.5,0.522711,0.14697261,0.02683340489315709
514,995_Unknown,0.5,0.522676,0.124336295,0.022700597798306434
233,390_Unknown,0.5,0.5226671,0.1430329,0.02611411408541923
232,389_3-Heptanol,0.5,0.5224739,0.13993195,0.02554796129453812
597,"1175_4,7-methano-1H-inden-5-ol, 3a,4,5,6,7,7a-hexahydro-, acetate",0.5,0.5222153,0.13018498,0.02376841641134361
661,1290_Unknown,0.5,0.52218693,0.11248142,0.020536204175099854
113,"176_Boron, trihydro(pyridine)-, (T-4)-",0.5,0.52217525,0.13235115,0.024163902569783964
277,"480_Benzene, 1,1'-(1-methyl-1,2-ethanediyl)bis-",0.5,0.5212926,0.17176627,0.03136008621027962
435,794_(R)-(+)-1-Phenyl-1-propanol,0.5,0.51965386,0.15167269,0.027691518092235173
540,1057_Unknown,0.5,0.51959974,0.13583545,0.02480004739746931
706,"1392_1,3,5-Triazine-2,4,6(1H,3H,5H)-trione, 1,3,5-tri-2-propenyl-",0.5,0.51945645,0.13952577,0.02547380406908588
399,713_Unknown,0.5,0.5168926,0.16384292,0.02991348708275578
110,172_Toluene,0.5,0.51688397,0.14214417,0.025951856726728305
59,91_Unknown,0.5,0.51625717,0.19876084,0.03628859804895626
477,892_Unknown,0.5,0.51606905,0.1603022,0.029267044907563766
510,980_Unknown,0.5,0.5152657,0.16383168,0.029911435774956564
216,363_Cyclohexylmethylsilane,0.5,0.51462597,0.109160714,0.019929928456602276
247,410_Unknown,0.5,0.51458013,0.13272016,0.024231274700208034
338,598_Unknown,0.5,0.514099,0.1235169,0.022550997879318222
242,403_Unknown,0.5,0.51302713,0.15561545,0.028411363895717117
269,"466_Hexanal, 3,3-dimethyl-",0.5,0.51120526,0.15095106,0.02755976645549729
4,6_Cyclopropyl methyl carbinol,0.5,0.51033485,0.1314803,0.024004909891940596
762,1650_Diisooctyl phthalate,0.5,0.50972164,0.15357621,0.02803905153015967
660,"1286_1-Dodecanol, 2-hexyl-",0.5,0.50938827,0.16279362,0.029721912890053798
447,820_Benzoic acid,0.5,0.50847197,0.17138803,0.03129103004865169
765,1658_Unknown,0.5,0.5082233,0.12381951,0.022606245801244682
333,589_Unknown,0.5,0.50746405,0.12643167,0.023083159901441525
750,1535_Unknown,0.5,0.5057086,0.1797727,0.03282185522147512
282,490_Unknown,0.5,0.5056951,0.12818816,0.023403849501096988
34,53_Unknown,0.5,0.5052012,0.14133568,0.025804246902773418
451,"828_Phenol, 2,4-dimethyl-",0.5,0.50470215,0.1312294,0.02395910097851463
154,240_Tetrachloroethylene,0.5,0.5043193,0.1596854,0.02915443246229468
474,"888_Benzaldehyde, 2,4-dimethyl-",0.5,0.5033294,0.14792924,0.027008059877366614
680,"1334_Glutaric acid, di(isobutyl) ester",0.5,0.5028983,0.12368595,0.02258186135588081
307,535_Unknown,0.5,0.50259465,0.16491485,0.03010919381729729
407,"728_2-Cyclohexen-1-one, 3,6-dimethyl-6-(1-methylethyl)-",0.5,0.50063854,0.15305448,0.027943796304730092
188,319_Unknown,0.5,0.50056773,0.15789537,0.028827618865482674
412,742_Unknown,0.5,0.49897945,0.15956551,0.029132542777211817
201,338_1-Methoxycyclohexane,0.5,0.4987946,0.12372896,0.022589714273602866
387,"689_Arsenous acid, tris(trimethylsilyl) ester",0.5,0.4987706,0.14806624,0.027033072773793642
627,1224_Unknown,0.5,0.4986018,0.14831115,0.027077788019135674
719,1435_Unknown,0.5,0.49838275,0.17761394,0.032427721185019125
411,738_Unknown,0.5,0.4982006,0.13869357,0.025321865822440604
549,1070_Unknown,0.5,0.49706587,0.13100833,0.023918738640969342
601,1184_Isosativene,0.5,0.4970052,0.122484535,0.022362514251151926
334,"590_2-Propanol, 1-(2-ethoxypropoxy)-",0.5,0.49670216,0.14275855,0.026064025719515597
124,"188_2-Hexene, 3-methyl-, (Z)-",0.5,0.495939,0.13200228,0.02410020864644814
596,"1173_Spiro[5.5]undec-2-ene, 3,7,7-trimethyl-11-methylene-, (-)-",0.5,0.4953309,0.15406954,0.028129121354176376
634,"1243_Ppropiolic acid, 3-(1-hydroxy-2-isopropyl-5-methylcyclohexyl)-",0.5,0.4951048,0.14303575,0.02611463643435484
207,348_Unknown,0.5,0.4937318,0.16084278,0.02936573893015277
520,"1014_1H-Pyrazole, 3-ethyl-4,5-dihydro-1,4-dimethyl-",0.5,0.49371758,0.15234978,0.027815137953095266
101,152_Unknown,0.5,0.4923847,0.15018922,0.02742067472798715
17,"26_2-Propanol, 1-methoxy-",0.5,0.48833877,0.1430132,0.026110517495352172
178,290_Unknown,0.5,0.4879371,0.15066028,0.027506677303781275
363,"637_4,4'-Bi-1,3,2-dioxaborolane, 2,2'-diethyl-",0.5,0.48708564,0.16568883,0.030250502807216396
623,1219_Unknown,0.5,0.48664925,0.13470611,0.024593858316839766
619,"1212_1-Cyclohexene, 1,3,3-trimethyl-2-(1-methylbut-1-en-3-on-1-yl)-",0.5,0.48581976,0.14266326,0.026046627691165496
326,"571_Ethanol, 2-(2-ethoxyethoxy)-",0.5,0.48562437,0.15253343,0.027848666225399672
416,749_Isophorone,0.5,0.48384288,0.14235839,0.025990967603282032
252,"422_1-Pentanol, TBDMS derivative",0.5,0.4807123,0.14947101,0.027289548821745044
649,1265_Unknown,0.5,0.4802583,0.15642837,0.028559781728181778
732,"1465_1-Penten-3-one, 2-methyl-1-(2,2,6-trimethylcyclohexen-1-yl)-",0.5,0.47967035,0.1530302,0.027939364500479534
66,"104_Ethane, 1,1-diethoxy-",0.5,0.479139,0.1669377,0.030478513558744483
441,805_Unknown,0.5,0.47350952,0.14275326,0.026063059918098194
259,442_2-Cyclohexen-1-one,0.5,0.4724186,0.15495218,0.02829026872137913
264,454_Unknown,0.46666667,0.53295404,0.13654627,0.024929823902294423
735,1475_Unknown,0.46666667,0.52965814,0.12628123,0.02305569305324408
778,1720_Tritriacontane,0.46666667,0.5247477,0.1349841,0.024644613221749778
636,1247_Unknown,0.46666667,0.5233702,0.13869572,0.02532225758414231
747,1510_Unknown,0.46666667,0.5218473,0.17253494,0.031500426678213955
198,"335_2-Ethylthiolane, S,S-dioxide",0.46666667,0.52154076,0.11130787,0.02032194317107473
377,"670_Aniline, N-methyl-",0.46666667,0.5202091,0.18172812,0.03317886439555965
688,"1343_2,2,4-Trimethyl-1,3-pentanediol diisobutyrate",0.46666667,0.51844066,0.12183069,0.022243138475393654
356,627_3-Ethyl-3-heptanol,0.46666667,0.51772875,0.14672586,0.026788355018028186
753,"1563_Benzene, 1-methyl-4-(1,2,2-trimethylcyclopentyl)-, (R)-",0.46666667,0.5166119,0.15794617,0.02883689327965711
58,90_Unknown,0.46666667,0.5162701,0.13248543,0.02418842032294911
561,"1094_Heptacosane, 1-chloro-",0.46666667,0.51622224,0.13835865,0.025260718350165873
9,14_Thiirane,0.46666667,0.51584685,0.14754656,0.026938192986661533
94,140_Unknown,0.46666667,0.515836,0.16330397,0.02981508960201043
85,"131_2-Butenal, 2-methyl-, (E)-",0.46666667,0.5131716,0.14647816,0.026743131026587413
726,"1448_Benzene, (3-iodo-1-methoxypropyl)-",0.46666667,0.5096324,0.14777273,0.026979485758248378
772,1672_Bis(2-ethylhexyl) phthalate,0.46666667,0.5091064,0.12934595,0.023615232144841517
743,"1503_3,5-di-tert-Butyl-4-hydroxybenzaldehyde",0.46666667,0.5083902,0.16498467,0.030121942396007
166,"268_Cyclotrisiloxane, hexamethyl-",0.46666667,0.5081686,0.15823287,0.02888923699591293
768,"1663_7,11-Hexadecadienal",0.46666667,0.50674933,0.16305418,0.02976948473113744
38,60_Unknown,0.46666667,0.50657207,0.11860622,0.021654433541274363
164,"266_Acetic acid, butyl ester",0.46666667,0.5061102,0.14773475,0.026972551032014694
512,984_1-Decanol,0.46666667,0.5057659,0.15354948,0.028034170832292572
61,93_Unknown,0.46666667,0.501515,0.21104196,0.03853081350186647
437,796_Unknown,0.46666667,0.5014419,0.13440913,0.0245396374090966
286,"497_4-Octanol, 2-methyl-",0.46666667,0.50036997,0.13391206,0.02444888472266928
127,"194_D-Erythro-Tetrofuranose-3-ulose, 4-C-cyclopropyl-1,2-O-isopropylidene-, .alpha.-",0.46666667,0.5002102,0.14481549,0.02643957011911213
405,724_Unknown,0.46666667,0.50015175,0.19253345,0.035151637576418905
327,572_Unknown,0.46666667,0.49715093,0.147522,0.02693370949163089
760,"1623_Bayer 28,589",0.46666667,0.49700642,0.18165597,0.033165691408339755
14,21_Unknown,0.46666667,0.49652913,0.15294826,0.027924404100495605
96,146_Unknown,0.46666667,0.4959897,0.123949036,0.022629894333134167
284,"495_Ethanol, 2,2'-oxybis-",0.46666667,0.49595976,0.12703341,0.023193021853096542
19,"28_Nonane, 5-methylene-",0.46666667,0.4954467,0.14893645,0.027191951187807345
663,1296_Unknown,0.46666667,0.49384955,0.1390651,0.02538969772875071
337,593_Unknown,0.46666667,0.49375275,0.13862889,0.025310055839474568
397,711_2-Nonanone,0.46666667,0.49372798,0.12221009,0.022312408201560368
539,1056_Unknown,0.46666667,0.49368256,0.13177887,0.024059419179825296
643,1258_Butylated Hydroxytoluene,0.46666667,0.49357414,0.16177095,0.029535200351247303
310,"538_Cyclotetrasiloxane, octamethyl-",0.46666667,0.4931338,0.16553468,0.030222358537743087
250,413_Unknown,0.46666667,0.49271008,0.16349095,0.029849227281406376
11,"18_Diborane(6), .mu.-mercapto-",0.46666667,0.49158683,0.12928809,0.0236046681817323
432,785_Unknown,0.46666667,0.49121752,0.12642984,0.023082825271654648
674,"1319_Pentadecane, 4-methyl-",0.46666667,0.49039954,0.14810371,0.027039915000736645
733,1470_Hippuric acid,0.46666667,0.48996446,0.1325882,0.02420718135555307
3,"4_4,5-Dihydrooxazole-5-one, 4-[4-acetoxy-3-methoxybenzylidene]-2-phenyl-",0.46666667,0.4894655,0.1510638,0.02758035026824113
439,"802_Silane, cyclohexyldimethoxymethyl-",0.46666667,0.48936144,0.15409204,0.028133229410909552
156,247_Unknown,0.46666667,0.48908612,0.134359,0.02453048542045395
686,1341_Unknown,0.46666667,0.48401695,0.14148907,0.025832252423310706
692,1353_Hexadecane,0.46666667,0.48376128,0.16289742,0.029740864362373862
73,"117_Propane, 3,3-dichloro-1,1,1,2,2-pentafluoro-",0.46666667,0.48272035,0.13490959,0.024631007664317587
287,500_Dibutylsulfamic acid,0.46666667,0.48104858,0.15457454,0.028221321382446114
534,1046_2-Bromo dodecane,0.46666667,0.48026535,0.12432837,0.022699150456464017
345,611_Unknown,0.46666667,0.4786914,0.1480545,0.027030928966703748
629,"1234_2,5-cyclohexadiene-1,4-dione, 2-(1,1-dimethylethyl)-5-(2-methyl-2-propen-1-yl)-",0.46666667,0.47795424,0.16168097,0.029518770844881973
396,"709_4-Heptanol, 2,6-dimethyl-",0.46666667,0.47690752,0.12026963,0.021958129116834608
755,1569_Unknown,0.46666667,0.47550434,0.15292759,0.027920630673549305
557,"1084_(1R,3aS,4aS,8aS)-1,4,4,6-Tetramethyl-1,2,3,3a,4,4a,7,8-octahydrocyclopenta[1,4]cyclobuta[1,2]benzene",0.46666667,0.47249207,0.16156648,0.029497868725755494
184,304_Unknown,0.46666667,0.46789372,0.119701274,0.021854362596378716
173,275_Unknown,0.46666667,0.46509016,0.13412598,0.024487941187875544
205,342_Unknown,0.46666667,0.46033362,0.16062388,0.029325773795443932
20,"29_Disiloxane, hexamethyl-",0.43333334,0.5414879,0.1607262,0.029344455931594075
742,1501_Hexestrol,0.43333334,0.54115516,0.13009863,0.023752650723417285
526,1026_Unknown,0.43333334,0.522127,0.14321953,0.026148189191765602
266,462_(-)-trans-Pinane,0.43333334,0.5145399,0.13286312,0.024257375823584247
428,"781_trans-1,2-Dimethylsilacyclohexane",0.43333334,0.5125293,0.11563491,0.021111949686538036
427,779_Unknown,0.43333334,0.5117785,0.15080796,0.027533640847014717
443,809_Unknown,0.43333334,0.5111349,0.14105009,0.025752104508503196
495,947_Geraniol,0.43333334,0.50954974,0.149054,0.027213413743812656
223,375_Unknown,0.43333334,0.5083353,0.13549525,0.024737934123777176
509,977_Nonanoic acid,0.43333334,0.5080005,0.113517985,0.020725453642981638
423,"771_1H-Indene, 2,3-dihydro-5-methyl-",0.43333334,0.50649506,0.13801591,0.025198142580020337
724,1444_Unknown,0.43333334,0.5062235,0.12819986,0.023405985146484762
400,"714_Benzoic acid, methyl ester",0.43333334,0.50539786,0.15115906,0.02759774285545649
662,1293_Unknown,0.43333334,0.50491446,0.14682586,0.026806612745668146
60,"92_Propane, 1-isothiocyanato-",0.43333334,0.50481695,0.099105954,0.018094188894035513
564,"1100_Ethanone, 1-[4-(1-methylethenyl)phenyl]-",0.43333334,0.5017274,0.12464464,0.022756893138671484
374,664_Unknown,0.43333334,0.5009768,0.17818399,0.03253179648987185
655,1274_Unknown,0.43333334,0.5000368,0.13273583,0.024234136737084393
715,1415_Unknown,0.43333334,0.49987382,0.12632544,0.023063764976639665
727,"1452_Silane, diethoxydiphenyl-",0.43333334,0.49863335,0.14428033,0.026341863662479512
372,660_Unknown,0.43333334,0.4985546,0.11311394,0.02065168545866373
79,124_Unknown,0.43333334,0.4980379,0.15023166,0.027428422903865348
675,1321_Dodecanoic acid,0.43333334,0.49723113,0.19357857,0.03534245001025645
280,"485_Nonane, 4-methyl-",0.43333334,0.49580058,0.14600208,0.0266562116195886
551,1072_Unknown,0.43333334,0.49363938,0.11599049,0.02117686922547538
501,960_Unknown,0.43333334,0.49329618,0.13181594,0.024066187951449228
290,503_5-Nonanol,0.43333334,0.4931466,0.12233102,0.022334486966075654
767,1661_Unknown,0.43333334,0.49268967,0.1421251,0.02594837440049091
640,1252_n-Pentadecanol,0.43333334,0.49101916,0.16882339,0.030822793198090913
683,"1338_4-tert-Butyl-2,6-diisopropylphenol",0.43333334,0.49025142,0.101172425,0.018471473096467055
670,"1308_Dotriacontane, 1-iodo-",0.43333334,0.4901291,0.14351116,0.026201433415821873
701,1372_Unknown,0.43333334,0.48968,0.10472159,0.019119459193643225
494,"944_Benzene, 1,3-bis(1,1-dimethylethyl)-",0.43333334,0.48939094,0.15182304,0.027718968617028373
136,"217_1,3-Diisopropoxy-1,3-dimethyl-1,3-disilacyclobutane",0.43333334,0.48909643,0.19419603,0.03545518216048995
172,"274_Hexane, 3,3-dimethyl-",0.43333334,0.4882291,0.11442723,0.02089145858322882
746,"1507_1,3-Cyclopentadiene, 5,5-dimethyl-1,2-Dipropyl-",0.43333334,0.48767987,0.09631602,0.017584818425079213
545,"1064_(-)-1,2,2.alpha.,3,3,4,6,7,8,8.alpha.-decahydro-2.alpha.,7,8-trimethylacenaphthylene",0.43333334,0.48673898,0.15895835,0.02902169053903304
523,1019_Unknown,0.43333334,0.48662293,0.1561953,0.028517229333901252
682,1336_Unknown,0.43333334,0.48592633,0.12983155,0.023703889994391658
401,"715_2,5-Furandione, 3-(1,1-dimethylethyl)-",0.43333334,0.48543295,0.17007199,0.031050754979406285
429,"782_2,6-Dihydroxyacetophenone, 2TMS derivative",0.43333334,0.4850287,0.15513135,0.028322980823471646
624,"1220_2,5-cyclohexadien-1-one, 2,6-bis(1,1-dimethylethyl)-4-hydroxy-4-methyl-",0.43333334,0.48372778,0.12987499,0.023711820448283846
202,"339_2H-Imidazole-2-thione, 1,3-dihydro-1-methyl-",0.43333334,0.48000723,0.14314039,0.02613374025844779
215,362_Hypoglycin,0.43333334,0.47956976,0.14931989,0.027261956827448447
492,940_Unknown,0.43333334,0.47906196,0.15192331,0.027737275314881047
360,634_Unknown,0.43333334,0.47850168,0.12096708,0.022085466633009858
711,1407_Unknown,0.43333334,0.4782896,0.13884844,0.025350140679147815
738,"1488_Octadecane, 1-iodo-",0.43333334,0.47814125,0.14387867,0.026268530768941277
357,"629_Benzaldehyde, 2-hydroxy-",0.43333334,0.47807446,0.16259259,0.029685209715625143
102,153_Unknown,0.43333334,0.4771877,0.13329086,0.02433546971002517
576,1131_Unknown,0.43333334,0.47623065,0.12388417,0.022618051703359655
108,169_Unknown,0.43333334,0.47615576,0.17775068,0.03245268511123344
697,1368_Benzophenone,0.43333334,0.4753098,0.15242986,0.027829758282157575
475,889_Dodecyl nonyl ether,0.43333334,0.4722265,0.12697649,0.02318262928573182
256,434_Unknown,0.43333334,0.47081694,0.13786896,0.02517131234458817
71,114_Unknown,0.43333334,0.47065106,0.16976191,0.030994142692942286
490,"936_Silane, trimethyl(3-methyl-1-butynyl)-",0.43333334,0.45875615,0.13939446,0.02544983042939532
267,464_Unknown,0.4,0.521109,0.13873848,0.025330065612502718
672,1314_Unknown,0.4,0.51130456,0.15869856,0.02897426016745279
436,"795_2(3H)-Furanone, dihydro-5-propyl-",0.4,0.50674796,0.16194783,0.02956749348596438
190,321_4-Hydroxy-3-hexanone,0.4,0.5061253,0.16043873,0.02929197074583486
657,"1281_Eicosane, 1-iodo-",0.4,0.506059,0.12196762,0.022268139129267502
263,"451_2-Heptanone, 4-methyl-",0.4,0.4976721,0.13778618,0.025156199592831354
187,317_Ethylbenzene,0.4,0.4912008,0.1484229,0.027098189553865528
470,878_Unknown,0.4,0.4903951,0.14574653,0.02660955388914227
502,962_Unknown,0.4,0.48948473,0.11507464,0.021009659073881973
330,584_Unknown,0.4,0.4893089,0.12032711,0.021968623705475816
723,1443_Unknown,0.4,0.48841852,0.1376287,0.025127448636833874
170,"272_Butanoic acid, 2-oxo-, methyl ester",0.4,0.48771998,0.14841615,0.027096957136845574
668,1304_Unknown,0.4,0.48734695,0.13758609,0.0251196678141472
189,320_Unknown,0.4,0.48718223,0.11129057,0.02031878459235472
409,730_Unknown,0.4,0.4854413,0.16017556,0.029243922805460947
74,"119_2-Pentanol, 2-methyl-",0.4,0.48430243,0.15468743,0.028241932400863687
130,207_Unknown,0.4,0.48382273,0.13590613,0.024812951048519275
691,1347_Unknown,0.4,0.4827495,0.123869985,0.022615461723220594
603,"1186_1,1,7,7a-Tetramethyl-1a,2,6,7,7a,7b-hexahydro-1H-cyclopropa[a]naphthalene",0.4,0.48254213,0.13504365,0.02465548460897214
118,181_Unknown,0.4,0.48227707,0.1502114,0.02742472293223812
195,332_N-(2-Methoxyethyl)-tert-butylamine,0.4,0.48149487,0.12951392,0.023645898380269564
112,174_1-Methyl-1-ethoxycyclobutane,0.4,0.47682634,0.12380168,0.02260299064238293
700,"1371_Benzene, (1-butylheptyl)-",0.4,0.47562066,0.13003515,0.02374106110640846
254,428_Unknown,0.4,0.4752595,0.17168258,0.03134480750391306
104,155_Tetraethylammonium chloride,0.4,0.47165197,0.14310732,0.026127703319447186
620,1213_(-)-.alpha.-Panasinsen,0.4,0.4704465,0.14313444,0.02613265475206598
553,"1074_Benzene, 1-(1,1-dimethylethyl)-3-ethyl-",0.4,0.46998146,0.18497317,0.033771325072937314
593,"1167_(3S,4aR,8aS)-1,1,3,6-Tetramethyl-3-vinyl-3,4,4a,7,8,8a-hexahydro-1H-isochromene",0.4,0.4699493,0.14093004,0.025730187617746602
272,475_Unknown,0.4,0.46604058,0.14238255,0.025995377642993606
546,"1066_Hexanamide, N-methallyl-",0.4,0.46513572,0.14104694,0.0257515304687875
566,"1103_Ethanone, 1-(2,3-dihydro-1H-inden-5-yl)-",0.4,0.46051016,0.14598812,0.02665366244796013
577,1133_2-Dodecanone,0.4,0.45818052,0.1255726,0.022926316471822795
139,"224_2-Methoxy-1,3-dioxolane",0.36666667,0.49223766,0.13708963,0.02502902667098217
103,154_Unknown,0.36666667,0.48432243,0.14481515,0.02643950754606255
235,"392_1-Butyl(dimethyl)silyloxy-2,2-dimethylpropane",0.36666667,0.48337105,0.11891596,0.02171098461497247
321,565_Propanenitrile,0.36666667,0.48283356,0.14586401,0.026631002842310715
214,"361_1,2-Propanediol diformate",0.36666667,0.48246813,0.12928161,0.02360348473492506
402,716_Unknown,0.36666667,0.48025677,0.14835308,0.02708544369572319
308,"536_Propanoic acid, 2,2-dimethyl-, cesium salt",0.36666667,0.47780755,0.14068708,0.025685828766730427
319,552_Unknown,0.36666667,0.47777018,0.1526109,0.027862810455171708
229,"386_Cyclohexa-1,3-diene, 5,6-diethyl-",0.36666667,0.4731828,0.1323288,0.02415982171872452
508,"976_Benzoic acid, 2-hydroxy-, ethyl ester",0.36666667,0.47260937,0.1328566,0.024256186935642264
615,1203_Unknown,0.36666667,0.4715549,0.1666337,0.03042301126376865
568,1111_Butyl benzoate,0.36666667,0.46420828,0.167209,0.030528046928904033
720,"1436_Pentanoic acid, 6-ethyl-3-octyl ester",0.36666667,0.4641198,0.13063361,0.023850324533241426
505,"967_2-Decenal, (E)-",0.36666667,0.46141943,0.16445743,0.03002568056064943
713,1410_Unknown,0.36666667,0.4545774,0.14382437,0.026258617021434196
754,"1564_Acetophenone, 2,2-difluoro-2-phenyl-",0.33333334,0.4959534,0.14737804,0.026907426090240688
721,1439_Unknown,0.33333334,0.49180254,0.14100975,0.025744739932624584
56,87_Unknown,0.33333334,0.48090127,0.15329903,0.02798844625645517
737,1484_Unknown,0.33333334,0.4779891,0.12985434,0.023708049741904918
426,778_Unknown,0.33333334,0.47242594,0.10365171,0.018924126537115494
238,396_Heptanal,0.33333334,0.47196564,0.13510479,0.02466664709690341
370,"654_Pentanal, 5-[(tetrahydro-2H-pyran-2-yl)oxy]-",0.33333334,0.47058287,0.17365134,0.03170425158579639
418,753_Unknown,0.33333334,0.46984628,0.12896374,0.023545449591725
419,754_Unknown,0.33333334,0.46484324,0.13839526,0.025267402784201243
517,"1011_Naphthalene, 1,2,3,4-tetrahydro-1,8-dimethyl-",0.33333334,0.45360738,0.14364856,0.02622651976756797
530,1036_Unknown,0.3,0.46013224,0.07652075,0.01397071334527412
123,"186_Butane, 2-cyclopropyl-",0.3,0.45846975,0.14338212,0.026177873302372007
146,"232_Isovaleric acid, 3-methylbutyl-2 ester",0.26666668,0.46053997,0.15330221,0.027989025737305613
