Model,Top_K,Accuracy_Mean,F1_Mean,AUC_Mean,Joint_Mean
LogisticRegression,200,0.6927083333333334,0.5949598099362537,0.7552669552669554,0.5949598099362537
LinearSVM,200,0.6822916666666666,0.5705361885120033,0.7545454545454545,0.5705361885120033
LinearSVM,100,0.665625,0.5698888157700317,0.7317460317460316,0.5698888157700317
LogisticRegression,50,0.6697916666666667,0.5670690480330892,0.7148629148629148,0.5670690480330892
LinearSVM,20,0.6333333333333333,0.5646602423739018,0.7183261183261184,0.5646602423739018
LinearSVM,50,0.665625,0.5587516497956805,0.7122655122655123,0.5587516497956805
LogisticRegression,100,0.6635416666666667,0.5505280610853949,0.7308802308802309,0.5505280610853949
LogisticRegression,20,0.6427083333333333,0.5413658215785282,0.7137085137085134,0.5413658215785282
MultiView_Baseline,All/Gated,0.64375,0.5168305922422114,0.6741702741702742,0.5168305922422114
