Repeat,Outer_Seed,Config,Top_K,Penalty,Class_Weight,C,Threshold,Sensitivity,Specificity,PPV,NPV,Accuracy,Balanced_Accuracy,F1,AUC
0,42,A_Top200_L2_balanced,200,l2,balanced,0.1,0.5399999999999999,0.6363636363635785,0.9523809523809071,0.8749999999998906,0.8333333333332986,0.84375,0.7943722943722944,0.7368421052631579,0.8528138528138528
0,42,B_Top250_L2_balanced,250,l2,balanced,0.1,0.5049999999999999,0.6363636363635785,0.9047619047618618,0.7777777777776913,0.8260869565217033,0.8125,0.7705627705627706,0.7,0.8831168831168831
0,42,C_Top300_L2_none,300,l2,None,0.1,0.32499999999999996,0.6363636363635785,0.809523809523771,0.6363636363635785,0.809523809523771,0.75,0.722943722943723,0.6363636363636364,0.8571428571428571
1,1042,A_Top200_L2_balanced,200,l2,balanced,0.1,0.25999999999999995,0.9090909090908265,0.6190476190475896,0.5555555555555247,0.9285714285713622,0.71875,0.7640692640692641,0.6896551724137931,0.8787878787878788
1,1042,B_Top250_L2_balanced,250,l2,balanced,0.1,0.25499999999999995,0.9090909090908265,0.5714285714285443,0.5263157894736565,0.9230769230768521,0.6875,0.7402597402597402,0.6666666666666666,0.8831168831168832
1,1042,C_Top300_L2_none,300,l2,None,0.1,0.4149999999999999,0.7272727272726611,0.809523809523771,0.6666666666666111,0.8499999999999576,0.78125,0.7683982683982684,0.6956521739130435,0.8787878787878788
2,2042,A_Top200_L2_balanced,200,l2,balanced,0.1,0.3449999999999999,0.8181818181817438,0.5238095238094989,0.4736842105262909,0.8461538461537811,0.625,0.670995670995671,0.6,0.7835497835497837
2,2042,B_Top250_L2_balanced,250,l2,balanced,0.1,0.43499999999999994,0.8181818181817438,0.666666666666635,0.5624999999999649,0.8749999999999454,0.71875,0.7424242424242424,0.6666666666666666,0.787878787878788
2,2042,C_Top300_L2_none,300,l2,None,0.1,0.38999999999999996,0.8181818181817438,0.666666666666635,0.5624999999999649,0.8749999999999454,0.71875,0.7424242424242424,0.6666666666666666,0.8138528138528138
3,3042,A_Top200_L2_balanced,200,l2,balanced,0.1,0.43999999999999995,0.8181818181817438,0.809523809523771,0.692307692307639,0.8947368421052162,0.8125,0.8138528138528138,0.75,0.8874458874458875
3,3042,B_Top250_L2_balanced,250,l2,balanced,0.1,0.37999999999999995,0.8181818181817438,0.7619047619047257,0.6428571428570969,0.8888888888888395,0.78125,0.7900432900432901,0.72,0.8658008658008658
3,3042,C_Top300_L2_none,300,l2,None,0.1,0.5299999999999999,0.6363636363635785,0.809523809523771,0.6363636363635785,0.809523809523771,0.75,0.722943722943723,0.6363636363636364,0.8744588744588745
4,4042,A_Top200_L2_balanced,200,l2,balanced,0.1,0.22999999999999998,0.7272727272726611,0.47619047619045357,0.42105263157892525,0.7692307692307101,0.5625,0.6017316017316017,0.5333333333333333,0.7359307359307359
4,4042,B_Top250_L2_balanced,250,l2,balanced,0.1,0.285,0.7272727272726611,0.5714285714285443,0.47058823529409,0.7999999999999466,0.625,0.6493506493506493,0.5714285714285714,0.7402597402597402
4,4042,C_Top300_L2_none,300,l2,None,0.1,0.30999999999999994,0.7272727272726611,0.666666666666635,0.5333333333332978,0.8235294117646575,0.6875,0.696969696969697,0.6153846153846154,0.7402597402597402
5,5042,A_Top200_L2_balanced,200,l2,balanced,0.1,0.6849999999999999,0.45454545454541323,0.809523809523771,0.5555555555554939,0.7391304347825766,0.6875,0.6320346320346321,0.5,0.7532467532467533
5,5042,B_Top250_L2_balanced,250,l2,balanced,0.1,0.575,0.5454545454544959,0.7619047619047257,0.5454545454544959,0.7619047619047257,0.6875,0.6536796536796536,0.5454545454545454,0.7965367965367965
5,5042,C_Top300_L2_none,300,l2,None,0.1,0.49999999999999994,0.45454545454541323,0.809523809523771,0.5555555555554939,0.7391304347825766,0.6875,0.6320346320346321,0.5,0.7748917748917749
6,6042,A_Top200_L2_balanced,200,l2,balanced,0.1,0.43999999999999995,0.6363636363635785,0.6190476190475896,0.46666666666663553,0.7647058823528963,0.625,0.6277056277056277,0.5384615384615384,0.7575757575757576
6,6042,B_Top250_L2_balanced,250,l2,balanced,0.1,0.4099999999999999,0.6363636363635785,0.6190476190475896,0.46666666666663553,0.7647058823528963,0.625,0.6277056277056277,0.5384615384615384,0.7532467532467533
6,6042,C_Top300_L2_none,300,l2,None,0.1,0.49499999999999994,0.5454545454544959,0.6190476190475896,0.42857142857139796,0.7222222222221821,0.59375,0.5822510822510822,0.48,0.7272727272727273
7,7042,A_Top200_L2_balanced,200,l2,balanced,0.1,0.33499999999999996,0.9999999999999091,0.47619047619045357,0.4999999999999773,0.9999999999999,0.65625,0.7380952380952381,0.6666666666666666,0.722943722943723
7,7042,B_Top250_L2_balanced,250,l2,balanced,0.1,0.59,0.45454545454541323,0.809523809523771,0.5555555555554939,0.7391304347825766,0.6875,0.6320346320346321,0.5,0.7056277056277056
7,7042,C_Top300_L2_none,300,l2,None,0.1,0.37999999999999995,0.5454545454544959,0.6190476190475896,0.42857142857139796,0.7222222222221821,0.59375,0.5822510822510822,0.48,0.6883116883116883
8,8042,A_Top200_L2_balanced,200,l2,balanced,0.1,0.48999999999999994,0.5454545454544959,0.7142857142856803,0.4999999999999583,0.7499999999999626,0.65625,0.6298701298701299,0.5217391304347826,0.735930735930736
8,8042,B_Top250_L2_balanced,250,l2,balanced,0.1,0.43999999999999995,0.5454545454544959,0.666666666666635,0.46153846153842604,0.7368421052631192,0.625,0.606060606060606,0.5,0.7142857142857143
8,8042,C_Top300_L2_none,300,l2,None,0.1,0.285,0.8181818181817438,0.47619047619045357,0.44999999999997753,0.8333333333332639,0.59375,0.6471861471861472,0.5806451612903226,0.722943722943723
9,9042,A_Top200_L2_balanced,200,l2,balanced,0.1,0.585,0.6363636363635785,0.7142857142856803,0.538461538461497,0.7894736842104848,0.6875,0.6753246753246753,0.5833333333333334,0.6536796536796536
9,9042,B_Top250_L2_balanced,250,l2,balanced,0.1,0.565,0.7272727272726611,0.666666666666635,0.5333333333332978,0.8235294117646575,0.6875,0.696969696969697,0.6153846153846154,0.6796536796536796
9,9042,C_Top300_L2_none,300,l2,None,0.1,0.6,0.5454545454544959,0.7142857142856803,0.4999999999999583,0.7499999999999626,0.65625,0.6298701298701299,0.5217391304347826,0.6926406926406926
10,10042,A_Top200_L2_balanced,200,l2,balanced,0.1,0.585,0.18181818181816528,0.7619047619047257,0.2857142857142449,0.6399999999999745,0.5625,0.47186147186147187,0.2222222222222222,0.5714285714285715
10,10042,B_Top250_L2_balanced,250,l2,balanced,0.1,0.5549999999999999,0.45454545454541323,0.8571428571428164,0.6249999999999218,0.7499999999999688,0.71875,0.6558441558441558,0.5263157894736842,0.6926406926406926
10,10042,C_Top300_L2_none,300,l2,None,0.1,0.4099999999999999,0.6363636363635785,0.6190476190475896,0.46666666666663553,0.7647058823528963,0.625,0.6277056277056277,0.5384615384615384,0.7186147186147187
11,11042,A_Top200_L2_balanced,200,l2,balanced,0.1,0.38999999999999996,0.7272727272726611,0.5714285714285443,0.47058823529409,0.7999999999999466,0.625,0.6493506493506493,0.5714285714285714,0.748917748917749
11,11042,B_Top250_L2_balanced,250,l2,balanced,0.1,0.26499999999999996,0.8181818181817438,0.47619047619045357,0.44999999999997753,0.8333333333332639,0.59375,0.6471861471861472,0.5806451612903226,0.7445887445887446
11,11042,C_Top300_L2_none,300,l2,None,0.1,0.285,0.8181818181817438,0.5238095238094989,0.4736842105262909,0.8461538461537811,0.625,0.670995670995671,0.6,0.7575757575757577
12,12042,A_Top200_L2_balanced,200,l2,balanced,0.1,0.6849999999999999,0.5454545454544959,0.9047619047618618,0.7499999999999063,0.7916666666666338,0.78125,0.725108225108225,0.631578947368421,0.8614718614718615
12,12042,B_Top250_L2_balanced,250,l2,balanced,0.1,0.5449999999999999,0.5454545454544959,0.9047619047618618,0.7499999999999063,0.7916666666666338,0.78125,0.725108225108225,0.631578947368421,0.8614718614718615
12,12042,C_Top300_L2_none,300,l2,None,0.1,0.4599999999999999,0.5454545454544959,0.8571428571428164,0.6666666666665926,0.78260869565214,0.75,0.7012987012987013,0.6,0.8571428571428571
13,13042,A_Top200_L2_balanced,200,l2,balanced,0.1,0.5399999999999999,0.5454545454544959,0.809523809523771,0.59999999999994,0.7727272727272376,0.71875,0.6774891774891775,0.5714285714285714,0.8225108225108225
13,13042,B_Top250_L2_balanced,250,l2,balanced,0.1,0.5149999999999999,0.6363636363635785,0.809523809523771,0.6363636363635785,0.809523809523771,0.75,0.722943722943723,0.6363636363636364,0.8441558441558441
13,13042,C_Top300_L2_none,300,l2,None,0.1,0.31499999999999995,0.8181818181817438,0.7619047619047257,0.6428571428570969,0.8888888888888395,0.78125,0.7900432900432901,0.72,0.8398268398268398
14,14042,A_Top200_L2_balanced,200,l2,balanced,0.1,0.5149999999999999,0.6363636363635785,0.666666666666635,0.4999999999999643,0.7777777777777346,0.65625,0.6515151515151515,0.56,0.7272727272727273
14,14042,B_Top250_L2_balanced,250,l2,balanced,0.1,0.44499999999999995,0.8181818181817438,0.5238095238094989,0.4736842105262909,0.8461538461537811,0.625,0.670995670995671,0.6,0.7316017316017316
14,14042,C_Top300_L2_none,300,l2,None,0.1,0.4799999999999999,0.6363636363635785,0.6190476190475896,0.46666666666663553,0.7647058823528963,0.625,0.6277056277056277,0.5384615384615384,0.7272727272727273
15,15042,A_Top200_L2_balanced,200,l2,balanced,0.1,0.585,0.45454545454541323,0.6190476190475896,0.38461538461535505,0.6842105263157535,0.5625,0.5367965367965368,0.4166666666666667,0.6926406926406927
15,15042,B_Top250_L2_balanced,250,l2,balanced,0.1,0.5199999999999999,0.5454545454544959,0.5714285714285443,0.3999999999999733,0.705882352941135,0.5625,0.5584415584415584,0.46153846153846156,0.632034632034632
15,15042,C_Top300_L2_none,300,l2,None,0.1,0.4149999999999999,0.6363636363635785,0.5238095238094989,0.4117647058823288,0.7333333333332844,0.5625,0.5800865800865801,0.5,0.6623376623376623
16,16042,A_Top200_L2_balanced,200,l2,balanced,0.1,0.5249999999999999,0.6363636363635785,0.7142857142856803,0.538461538461497,0.7894736842104848,0.6875,0.6753246753246753,0.5833333333333334,0.7965367965367965
16,16042,B_Top250_L2_balanced,250,l2,balanced,0.1,0.27499999999999997,0.8181818181817438,0.666666666666635,0.5624999999999649,0.8749999999999454,0.71875,0.7424242424242424,0.6666666666666666,0.8311688311688312
16,16042,C_Top300_L2_none,300,l2,None,0.1,0.32999999999999996,0.8181818181817438,0.7142857142856803,0.59999999999996,0.8823529411764188,0.75,0.7662337662337663,0.6923076923076923,0.8311688311688312
17,17042,A_Top200_L2_balanced,200,l2,balanced,0.1,0.43999999999999995,0.7272727272726611,0.6190476190475896,0.4999999999999688,0.8124999999999493,0.65625,0.6731601731601732,0.5925925925925926,0.7878787878787878
17,17042,B_Top250_L2_balanced,250,l2,balanced,0.1,0.4649999999999999,0.8181818181817438,0.5714285714285443,0.49999999999997224,0.8571428571427959,0.65625,0.6948051948051948,0.6206896551724138,0.8398268398268398
17,17042,C_Top300_L2_none,300,l2,None,0.1,0.49999999999999994,0.5454545454544959,0.7619047619047257,0.5454545454544959,0.7619047619047257,0.6875,0.6536796536796536,0.5454545454545454,0.8051948051948052
18,18042,A_Top200_L2_balanced,200,l2,balanced,0.1,0.4599999999999999,0.36363636363633056,0.7619047619047257,0.44444444444439507,0.6956521739130133,0.625,0.5627705627705628,0.4,0.6277056277056277
18,18042,B_Top250_L2_balanced,250,l2,balanced,0.1,0.57,0.36363636363633056,0.8571428571428164,0.5714285714284898,0.7199999999999712,0.6875,0.6103896103896104,0.4444444444444444,0.6493506493506493
18,18042,C_Top300_L2_none,300,l2,None,0.1,0.42999999999999994,0.45454545454541323,0.7619047619047257,0.49999999999995,0.7272727272726943,0.65625,0.6082251082251082,0.47619047619047616,0.7359307359307359
19,19042,A_Top200_L2_balanced,200,l2,balanced,0.1,0.565,0.27272727272724795,0.8571428571428164,0.4999999999999167,0.6923076923076658,0.65625,0.5649350649350648,0.35294117647058826,0.748917748917749
19,19042,B_Top250_L2_balanced,250,l2,balanced,0.1,0.8049999999999999,0.18181818181816528,0.9047619047618618,0.499999999999875,0.6785714285714044,0.65625,0.5432900432900433,0.26666666666666666,0.7272727272727273
19,19042,C_Top300_L2_none,300,l2,None,0.1,0.4799999999999999,0.36363636363633056,0.809523809523771,0.4999999999999375,0.7083333333333038,0.65625,0.5865800865800865,0.42105263157894735,0.722943722943723
20,20042,A_Top200_L2_balanced,200,l2,balanced,0.1,0.585,0.45454545454541323,0.8571428571428164,0.6249999999999218,0.7499999999999688,0.71875,0.6558441558441558,0.5263157894736842,0.7186147186147186
20,20042,B_Top250_L2_balanced,250,l2,balanced,0.1,0.295,0.7272727272726611,0.5238095238094989,0.4444444444444198,0.7857142857142296,0.59375,0.6255411255411256,0.5517241379310345,0.6666666666666666
20,20042,C_Top300_L2_none,300,l2,None,0.1,0.585,0.36363636363633056,0.8571428571428164,0.5714285714284898,0.7199999999999712,0.6875,0.6103896103896104,0.4444444444444444,0.6796536796536796
21,21042,A_Top200_L2_balanced,200,l2,balanced,0.1,0.37999999999999995,0.7272727272726611,0.809523809523771,0.6666666666666111,0.8499999999999576,0.78125,0.7683982683982684,0.6956521739130435,0.8484848484848485
21,21042,B_Top250_L2_balanced,250,l2,balanced,0.1,0.5299999999999999,0.7272727272726611,0.8571428571428164,0.7272727272726611,0.8571428571428164,0.8125,0.7922077922077921,0.7272727272727273,0.8614718614718615
21,21042,C_Top300_L2_none,300,l2,None,0.1,0.32999999999999996,0.7272727272726611,0.666666666666635,0.5333333333332978,0.8235294117646575,0.6875,0.696969696969697,0.6153846153846154,0.8441558441558441
22,22042,A_Top200_L2_balanced,200,l2,balanced,0.1,0.48499999999999993,0.8181818181817438,0.666666666666635,0.5624999999999649,0.8749999999999454,0.71875,0.7424242424242424,0.6666666666666666,0.8658008658008658
22,22042,B_Top250_L2_balanced,250,l2,balanced,0.1,0.6549999999999999,0.7272727272726611,0.8571428571428164,0.7272727272726611,0.8571428571428164,0.8125,0.7922077922077921,0.7272727272727273,0.8917748917748918
22,22042,C_Top300_L2_none,300,l2,None,0.1,0.635,0.7272727272726611,0.8571428571428164,0.7272727272726611,0.8571428571428164,0.8125,0.7922077922077921,0.7272727272727273,0.8961038961038961
23,23042,A_Top200_L2_balanced,200,l2,balanced,0.1,0.44499999999999995,0.7272727272726611,0.809523809523771,0.6666666666666111,0.8499999999999576,0.78125,0.7683982683982684,0.6956521739130435,0.787878787878788
23,23042,B_Top250_L2_balanced,250,l2,balanced,0.1,0.4749999999999999,0.6363636363635785,0.8571428571428164,0.69999999999993,0.818181818181781,0.78125,0.7467532467532467,0.6666666666666666,0.7922077922077921
23,23042,C_Top300_L2_none,300,l2,None,0.1,0.38999999999999996,0.7272727272726611,0.809523809523771,0.6666666666666111,0.8499999999999576,0.78125,0.7683982683982684,0.6956521739130435,0.8138528138528138
24,24042,A_Top200_L2_balanced,200,l2,balanced,0.1,0.4749999999999999,0.6363636363635785,0.7142857142856803,0.538461538461497,0.7894736842104848,0.6875,0.6753246753246753,0.5833333333333334,0.7359307359307359
24,24042,B_Top250_L2_balanced,250,l2,balanced,0.1,0.49999999999999994,0.5454545454544959,0.7142857142856803,0.4999999999999583,0.7499999999999626,0.65625,0.6298701298701299,0.5217391304347826,0.7316017316017316
24,24042,C_Top300_L2_none,300,l2,None,0.1,0.43499999999999994,0.5454545454544959,0.6190476190475896,0.42857142857139796,0.7222222222221821,0.59375,0.5822510822510822,0.48,0.722943722943723
25,25042,A_Top200_L2_balanced,200,l2,balanced,0.1,0.4149999999999999,0.6363636363635785,0.6190476190475896,0.46666666666663553,0.7647058823528963,0.625,0.6277056277056277,0.5384615384615384,0.6363636363636365
25,25042,B_Top250_L2_balanced,250,l2,balanced,0.1,0.4499999999999999,0.6363636363635785,0.7142857142856803,0.538461538461497,0.7894736842104848,0.6875,0.6753246753246753,0.5833333333333334,0.7012987012987013
25,25042,C_Top300_L2_none,300,l2,None,0.1,0.33999999999999997,0.6363636363635785,0.666666666666635,0.4999999999999643,0.7777777777777346,0.65625,0.6515151515151515,0.56,0.70995670995671
26,26042,A_Top200_L2_balanced,200,l2,balanced,0.1,0.5249999999999999,0.7272727272726611,0.809523809523771,0.6666666666666111,0.8499999999999576,0.78125,0.7683982683982684,0.6956521739130435,0.8181818181818182
26,26042,B_Top250_L2_balanced,250,l2,balanced,0.1,0.5449999999999999,0.6363636363635785,0.8571428571428164,0.69999999999993,0.818181818181781,0.78125,0.7467532467532467,0.6666666666666666,0.8095238095238095
26,26042,C_Top300_L2_none,300,l2,None,0.1,0.4699999999999999,0.6363636363635785,0.809523809523771,0.6363636363635785,0.809523809523771,0.75,0.722943722943723,0.6363636363636364,0.7922077922077921
27,27042,A_Top200_L2_balanced,200,l2,balanced,0.1,0.22499999999999998,0.7272727272726611,0.47619047619045357,0.42105263157892525,0.7692307692307101,0.5625,0.6017316017316017,0.5333333333333333,0.5974025974025974
27,27042,B_Top250_L2_balanced,250,l2,balanced,0.1,0.4649999999999999,0.5454545454544959,0.7142857142856803,0.4999999999999583,0.7499999999999626,0.65625,0.6298701298701299,0.5217391304347826,0.6233766233766234
27,27042,C_Top300_L2_none,300,l2,None,0.1,0.5049999999999999,0.36363636363633056,0.7619047619047257,0.44444444444439507,0.6956521739130133,0.625,0.5627705627705628,0.4,0.6363636363636365
28,28042,A_Top200_L2_balanced,200,l2,balanced,0.1,0.48499999999999993,0.9090909090908265,0.809523809523771,0.7142857142856632,0.944444444444392,0.84375,0.8593073593073592,0.8,0.8571428571428572
28,28042,B_Top250_L2_balanced,250,l2,balanced,0.1,0.31999999999999995,0.9090909090908265,0.6190476190475896,0.5555555555555247,0.9285714285713622,0.71875,0.7640692640692641,0.6896551724137931,0.8831168831168831
28,28042,C_Top300_L2_none,300,l2,None,0.1,0.3499999999999999,0.9090909090908265,0.7619047619047257,0.6666666666666222,0.94117647058818,0.8125,0.8354978354978355,0.7692307692307693,0.8917748917748918
29,29042,A_Top200_L2_balanced,200,l2,balanced,0.1,0.4549999999999999,0.9090909090908265,0.7142857142856803,0.624999999999961,0.9374999999999415,0.78125,0.8116883116883117,0.7407407407407407,0.922077922077922
29,29042,B_Top250_L2_balanced,250,l2,balanced,0.1,0.38999999999999996,0.9090909090908265,0.666666666666635,0.5882352941176126,0.9333333333332711,0.75,0.7878787878787878,0.7142857142857143,0.9090909090909091
29,29042,C_Top300_L2_none,300,l2,None,0.1,0.4149999999999999,0.9090909090908265,0.7142857142856803,0.624999999999961,0.9374999999999415,0.78125,0.8116883116883117,0.7407407407407407,0.9090909090909092
