Repeat,Outer_Seed,Top_K,Penalty,Class_Weight,C,Threshold,Inner_Best_F1,Inner_Threshold_Accuracy,Inner_Threshold_F1,Selected_Features,Nonzero_Coefficients,Sensitivity,Specificity,PPV,NPV,Accuracy,Balanced_Accuracy,F1,AUC
0,42,300,l2,None,0.1,0.32499999999999996,0.5691084216780812,0.6377952755905512,0.5818181818181818,300,300,0.6363636363635785,0.809523809523771,0.6363636363635785,0.809523809523771,0.75,0.722943722943723,0.6363636363636364,0.8571428571428571
1,1042,250,l2,balanced,0.01,0.5199999999999999,0.6641309155241044,0.7086614173228346,0.5747126436781609,250,250,0.5454545454544959,0.7619047619047257,0.5454545454544959,0.7619047619047257,0.6875,0.6536796536796536,0.5454545454545454,0.8138528138528138
2,2042,200,l2,None,10.0,0.05,0.6465359477124182,0.6456692913385826,0.5945945945945946,200,200,0.8181818181817438,0.4285714285714082,0.4285714285714082,0.8181818181817438,0.5625,0.6233766233766234,0.5625,0.774891774891775
3,3042,250,l1,balanced,1.0,0.185,0.6225062656641603,0.5826771653543307,0.5826771653543307,250,59,0.8181818181817438,0.7142857142856803,0.59999999999996,0.8823529411764188,0.75,0.7662337662337663,0.6923076923076923,0.8701298701298701
4,4042,300,l2,balanced,0.1,0.27999999999999997,0.6055555555555555,0.6377952755905512,0.603448275862069,300,300,0.7272727272726611,0.4285714285714082,0.39999999999998004,0.7499999999999375,0.53125,0.577922077922078,0.5161290322580645,0.7402597402597402
5,5042,200,l2,balanced,1.0,0.6499999999999999,0.6622222222222222,0.7952755905511811,0.6904761904761905,200,200,0.6363636363635785,0.7619047619047257,0.5833333333332847,0.7999999999999601,0.71875,0.699134199134199,0.6086956521739131,0.735930735930736
6,6042,150,l1,balanced,1.0,0.20499999999999996,0.5640092879256966,0.6456692913385826,0.5945945945945946,150,37,0.7272727272726611,0.7619047619047257,0.615384615384568,0.8421052631578505,0.75,0.7445887445887446,0.6666666666666666,0.8225108225108225
7,7042,200,l2,None,0.1,0.3449999999999999,0.6664705882352941,0.7322834645669292,0.6730769230769231,200,200,0.5454545454544959,0.6190476190475896,0.42857142857139796,0.7222222222221821,0.59375,0.5822510822510822,0.48,0.7532467532467533
8,8042,150,l2,None,0.1,0.43499999999999994,0.7164565826330532,0.7559055118110236,0.6593406593406593,150,150,0.5454545454544959,0.7142857142856803,0.4999999999999583,0.7499999999999626,0.65625,0.6298701298701299,0.5217391304347826,0.7056277056277056
9,9042,250,l2,balanced,0.1,0.565,0.6945906432748538,0.7952755905511811,0.6976744186046512,250,250,0.7272727272726611,0.666666666666635,0.5333333333332978,0.8235294117646575,0.6875,0.696969696969697,0.6153846153846154,0.6796536796536796
10,10042,200,l1,None,1.0,0.6599999999999999,0.6095906432748537,0.7716535433070866,0.6233766233766234,200,50,0.18181818181816528,0.7619047619047257,0.2857142857142449,0.6399999999999745,0.5625,0.47186147186147187,0.2222222222222222,0.6233766233766234
11,11042,250,l1,balanced,1.0,0.33999999999999997,0.7002020202020202,0.7559055118110236,0.6868686868686869,250,54,0.8181818181817438,0.7619047619047257,0.6428571428570969,0.8888888888888395,0.78125,0.7900432900432901,0.72,0.7662337662337664
12,12042,150,l1,balanced,0.1,0.48499999999999993,0.667141382868937,0.6692913385826772,0.6379310344827587,150,16,0.7272727272726611,0.7142857142856803,0.5714285714285307,0.8333333333332871,0.71875,0.7207792207792207,0.64,0.7272727272727273
13,13042,250,l2,balanced,0.1,0.5149999999999999,0.5985380116959064,0.7401574803149606,0.6024096385542169,250,250,0.6363636363635785,0.809523809523771,0.6363636363635785,0.809523809523771,0.75,0.722943722943723,0.6363636363636364,0.8441558441558441
14,14042,300,l2,None,0.1,0.4799999999999999,0.6162210338680926,0.7874015748031497,0.6823529411764706,300,300,0.6363636363635785,0.6190476190475896,0.46666666666663553,0.7647058823528963,0.625,0.6277056277056277,0.5384615384615384,0.7272727272727273
15,15042,250,l2,None,0.1,0.5149999999999999,0.6948646125116712,0.7637795275590551,0.6428571428571429,250,250,0.5454545454544959,0.6190476190475896,0.42857142857139796,0.7222222222221821,0.59375,0.5822510822510822,0.48,0.6406926406926406
16,16042,150,l1,balanced,0.1,0.5299999999999999,0.5961912026442919,0.7401574803149606,0.6451612903225806,150,13,0.7272727272726611,0.7142857142856803,0.5714285714285307,0.8333333333332871,0.71875,0.7207792207792207,0.64,0.7792207792207794
17,17042,300,l2,None,0.1,0.49999999999999994,0.5878237259816206,0.7559055118110236,0.6436781609195402,300,300,0.5454545454544959,0.7619047619047257,0.5454545454544959,0.7619047619047257,0.6875,0.6536796536796536,0.5454545454545454,0.8051948051948052
18,18042,250,l1,balanced,1.0,0.575,0.7170020639834881,0.7874015748031497,0.6666666666666666,250,52,0.45454545454541323,0.9999999999999525,0.9999999999997999,0.777777777777749,0.8125,0.7272727272727273,0.625,0.7012987012987013
19,19042,300,l2,None,1.0,0.735,0.6616541353383459,0.7952755905511811,0.6486486486486487,300,300,0.18181818181816528,0.9047619047618618,0.499999999999875,0.6785714285714044,0.65625,0.5432900432900433,0.26666666666666666,0.696969696969697
20,20042,300,l2,None,0.01,0.5349999999999999,0.6172961816305469,0.7244094488188977,0.6067415730337079,300,300,0.45454545454541323,0.8571428571428164,0.6249999999999218,0.7499999999999688,0.71875,0.6558441558441558,0.5263157894736842,0.7662337662337662
21,21042,300,l2,None,0.1,0.32999999999999996,0.6532212885154063,0.7165354330708661,0.6538461538461539,300,300,0.7272727272726611,0.666666666666635,0.5333333333332978,0.8235294117646575,0.6875,0.696969696969697,0.6153846153846154,0.8441558441558441
22,22042,250,l2,balanced,0.1,0.6549999999999999,0.6104093567251463,0.7716535433070866,0.6233766233766234,250,250,0.7272727272726611,0.8571428571428164,0.7272727272726611,0.8571428571428164,0.8125,0.7922077922077921,0.7272727272727273,0.8917748917748918
23,23042,150,l1,balanced,10.0,0.08499999999999999,0.6118705855547961,0.6141732283464567,0.5333333333333333,150,55,0.5454545454544959,0.7619047619047257,0.5454545454544959,0.7619047619047257,0.6875,0.6536796536796536,0.5454545454545454,0.7142857142857143
24,24042,300,l1,None,1.0,0.43999999999999995,0.6263157894736843,0.8031496062992126,0.6987951807228916,300,57,0.5454545454544959,0.8571428571428164,0.6666666666665926,0.78260869565214,0.75,0.7012987012987013,0.6,0.7575757575757577
25,25042,250,l2,balanced,0.1,0.4499999999999999,0.621635931260376,0.7322834645669292,0.6458333333333334,250,250,0.6363636363635785,0.7142857142856803,0.538461538461497,0.7894736842104848,0.6875,0.6753246753246753,0.5833333333333334,0.7012987012987013
26,26042,150,l2,balanced,100.0,0.19,0.6846078431372549,0.7007874015748031,0.5681818181818182,150,150,0.8181818181817438,0.666666666666635,0.5624999999999649,0.8749999999999454,0.71875,0.7424242424242424,0.6666666666666666,0.7445887445887447
27,27042,250,l2,balanced,0.1,0.4649999999999999,0.7361988304093567,0.7480314960629921,0.6595744680851063,250,250,0.5454545454544959,0.7142857142856803,0.4999999999999583,0.7499999999999626,0.65625,0.6298701298701299,0.5217391304347826,0.6233766233766234
28,28042,300,l1,None,100.0,0.41999999999999993,0.6596491228070176,0.7244094488188977,0.5569620253164557,300,79,0.8181818181817438,0.8571428571428164,0.7499999999999375,0.8999999999999551,0.84375,0.8376623376623377,0.782608695652174,0.8528138528138529
29,29042,200,l2,balanced,0.1,0.4549999999999999,0.6052631578947368,0.7637795275590551,0.6590909090909091,200,200,0.9090909090908265,0.7142857142856803,0.624999999999961,0.9374999999999415,0.78125,0.8116883116883117,0.7407407407407407,0.922077922077922
